003012,Milotice n.Op.-AWT,50.014327,17.557445
003020,Šumperk-SART,49.96187,16.982879
005017,Trutnov hl.n.-PDV R.,50.565251,15.910948
005041,Č.Kamenice-KŽC,50.795835,14.414013
007013,Jindř.Hradec JHMD,49.154878,15.005179
007021,Obrataň,49.428668,14.953802
007047,Sokolov-PDV RAILWAY,50.186084,12.644588
300004,hi Albrechtice,49.792815,18.528041
300012,hi Bohumín předn.,49.889986,18.342523
300020,hi Havířov,49.793339,18.423324
300038,hi Louky n.O.,49.809362,18.568322
300046,Ostr.střed V06009 HI,49.830257,18.283186
300053,hi Paskov,49.729394,18.304557
300061,hi Třinec-Konská,49.697408,18.646936
300079,hi Vratimov,49.764386,18.307886
300087,hi Šumperk Desná,49.963484,16.994439
300095,hi Milotice nad Op.,50.013473,17.555449
300111,hi Ostrava-Kunčice,49.807888,18.296977
300145,Český Těšín st.hr.,49.752117,18.618757
300244,Bohumín st.hr.,49.916425,18.32254
300251,Bohumín-Vrbice st.hr,49.916385,18.322483
300343,Petrovice u K.st.hr.,49.884469,18.570177
300426,Mikulovice st.hr.,50.307393,17.353487
300558,Břeclav st.hr.,48.712541,16.868387
300657,Šatov st.hr.,48.773654,16.014683
300756,Velká n.Vel.st.hr.,48.829328,17.518918
300848,Mosty u Jabl.st.hr.,49.494408,18.764266
300921,Horní Lideč st.hr.,49.179973,18.131072
301051,Vlár.průsmyk st.hr.,49.028565,18.05719
301259,Sudoměř.n.M.st.hr.,48.868336,17.239114
301358,Hodonín st.hr.,48.836999,17.127031
301457,Lanžhot st.hr.,48.711182,17.000146
301549,Jindř.ve Sl.st.hr.,50.274725,17.504721
301648,Veřňovice státní hra,49.935554,18.405485
309005,Glucholazy,50.314981,17.430642
309013,Cieszyn,49.75113,18.636965
310003,N. Jičín (BUS),49.591673,18.018405
310011,Příbor (BUS),49.635568,18.142183
310029,Frýdek-Místek (BUS),49.677991,18.354956
312850,Dřevnovice zast.ČSAD,49.328444,17.152433
313155,Morkovice náměstí,49.255909,17.203861
313254,Osíčany zast.ČSAD,49.280778,17.170488
313353,Těšice (z.ČSAD),49.320901,17.157219
313452,Tištín (z.ČSAD),49.312234,17.165236
313551,Pornice zast.ČSAD,49.264331,17.192845
313650,Uhřice u Kr.z.ČSAD,49.274634,17.208989
330050,Bojkovice město,49.035337,17.811044
330126,Blatec,49.525464,17.246139
330142,Albrechtice u Č.T.,49.792761,18.524387
330159,Adamov,49.295415,16.663198
330225,AHr Nemilany z,49.558732,17.244292
330241,Baška,49.651008,18.369141
330258,Adamov zast. z,49.301993,16.648105
330324,Olomouc-Nové Sady z,49.570875,17.260583
330357,Babice n. Svitavou z,49.27654,16.672735
330423,Bludov,49.928012,16.939166
330431,AHr Zámeček,49.947113,16.958289
330456,Bedihošť,49.441677,17.166581
330464,"Bludov km 6,300",49.918681,16.931073
330480,"Bludov km 50,072",49.925343,16.927967
330514,Odb Svitava,49.257908,16.668918
330522,AHr Bohutín z,49.951743,16.875917
330548,Studénka město z,49.716433,18.065028
330555,Čelčice z,49.41185,17.191383
330621,Bludov lázně z,49.941178,16.902489
330647,Bílovec,49.75327,18.014176
330654,Doloplazy z,49.352742,17.161682
330720,Bohdíkov,50.027139,16.902121
330746,Velké Albrechtice z,49.74858,18.031057
330753,Pivín,49.38749,17.18875
330829,Komňátka z,50.009378,16.897194
330845,Budišov n.Budišovkou,49.795776,17.614028
330852,Bílovice n. Svit. z,49.242516,16.673399
330928,Bohuňovice,49.662491,17.281087
330936,AHr Hlušovice,49.623861,17.27895
330944,Svatoňovice,49.799279,17.667842
330951,Blansko,49.353212,16.646189
331025,Hlušovice z,49.639063,17.281183
331041,Bystřice,49.636568,18.71693
331058,Dolní Lhota z,49.387501,16.633786
331124,Branná,50.147748,17.014822
331140,Hrádek z,49.613769,18.73946
331157,Blansko město z,49.361175,16.639289
331223,Brantice,50.052224,17.612038
331249,Vendryně z,49.656175,18.696306
331256,Blažovice,49.163719,16.798396
331322,Zátor z,50.039352,17.596257
331355,Křenovice dol.n. z,49.143997,16.834315
331421,Brodek u Přerova,49.481371,17.338518
331454,Bohuslavice n. Vláří,49.096204,17.926159
331520,Rokytnice u Přer. z,49.460354,17.374863
331553,Divnice z,49.097677,17.914588
331629,Bruntál,49.992962,17.474312
331652,Popov z,49.080689,17.966963
331728,Malá Morávka,50.009952,17.317291
331751,Bohuslavice u Kyj. z,49.055832,17.118849
331827,Kožušany z,49.540363,17.249976
331850,Bojkovice,49.036112,17.795359
331926,Rudná pod Pradědem z,50.036097,17.401204
331959,Pitín zastávka z,49.037456,17.843154
332023,Světlá Hora,50.043062,17.394372
332056,Boskovice,49.491529,16.651713
332155,Boří les,48.737944,16.867058
332221,Rudná p.Prad.zast. z,50.023075,17.338901
332254,Božice u Znojma,48.82326,16.288122
332320,Břidličná,49.913328,17.382632
332346,Český Těšín,49.743197,18.62236
332361,Branky na Moravě,49.459375,17.905613
332429,Břidličná zast. z,49.912376,17.369759
332445,Chotěbuz z,49.781418,18.598236
332460,Police u Val.Mez. z,49.450651,17.868696
332528,Raškov z,50.040276,16.912595
332544,Ropice zastávka z,49.716666,18.626984
332551,Bransouze,49.305588,15.749497
332643,Děhylov,49.879076,18.172768
332650,Přímělkov z,49.343307,15.741522
332742,Dětmarovice,49.900134,18.466528
332759,Dolní Smrčné z,49.323511,15.747525
332833,Dobrá u F-M kolej 90,49.671549,18.435891
332841,Dobrá u Frýd.-Míst.,49.670887,18.414222
332858,Číchov z,49.281959,15.763461
332866,"vl. v km 119,554",49.668732,18.450324
332924,Čelechovice na H. nz,49.513387,17.09654
332940,Dobratice-Vojkov. z,49.669711,18.472699
332957,Brno hl.n.,49.189992,16.611046
332965,Komárovská spojka,49.175226,16.633015
333021,Kaple z,49.531097,17.104638
333047,Dolní Benešov,49.923015,18.119787
333054,Brno-Horní Heršpice,49.167048,16.606879
333062,H.Heršpice modř.zhl.,49.158375,16.6067
333070,H.Heršpice výh.č.651,49.172917,16.610513
333088,H.Heršpice zhl.S.sil,49.161284,16.598631
333120,Červenka,49.724038,17.091134
333146,Kozmice z,49.910556,18.15375
333153,Brno-Královo Pole,49.231486,16.596195
333161,"Km 6,370",49.221867,16.62271
333187,Brno-Kr.Pole st.n.,49.222973,16.602032
333229,Dětřichov n. Bystř.,49.838533,17.395051
333237,hr.VUSC 0710/0800 01,49.810786,17.401506
333245,Frenštát p.Rad.m. z,49.544526,18.208332
333252,Brno-Řečkovice z,49.250747,16.590347
333328,Lomnice u Rýmařova z,49.873086,17.419282
333344,Frenštát p.Radhoštěm,49.54208,18.223657
333351,Brno-Lesná z,49.220696,16.626536
333443,Frýdek-Místek,49.677093,18.354356
333450,"vl.v km 112,957",49.682628,18.365022
333526,hr.DU 216110/216102,49.585299,18.360344
333534,"vl. v km 102,205",49.598343,18.352483
333542,Frýdlant n.Ostravicí,49.589077,18.35432
333559,Brno-Maloměřice,49.21686,16.647632
333575,"Brno Mal.- kol.1K,2K",49.211568,16.644082
333641,AHr Čeladná z,49.552564,18.333425
333658,Brno-Slatina,49.169304,16.682244
333740,Frýdl.n.Ostr.-N.D. z,49.569738,18.360701
333849,Frýdl.n.Ostr.zast. z,49.584872,18.360855
333856,Brno-Černovice z,49.188615,16.630762
333948,Pržno,49.617111,18.361939
333955,Odb Brno-Židenice z,49.204689,16.636144
334045,Fulnek,49.713508,17.912807
334052,Brumov,49.094206,18.036597
334128,Halenkov zast. z,49.3159,18.14181
334144,Stachovice z,49.694123,17.931928
334151,Návojná z,49.101129,18.044428
334227,Domašov nad Bystřicí,49.740176,17.444588
334243,Háj ve Slezsku,49.90126,18.093146
334250,Břeclav os.n.,48.754384,16.893605
334326,Hrubá Voda-Smilov z,49.691273,17.443541
334342,Jilešovice z,49.896867,18.142194
334359,Brumov střed z,49.085039,18.025624
334375,Březová nad Svitavou,49.633501,16.520171
334425,AHr Jívová z,49.710182,17.442148
334441,AHr Lhota u Opavy z,49.907038,18.04819
334474,Břez.n.Sv.-Dlouhá z,49.655444,16.508454
334524,Drahanovice,49.583345,17.07924
334540,Havířov,49.791557,18.411566
334573,Hradec n. Svitavou z,49.700447,16.484731
334615,Havířov střed,49.788329,18.439544
334623,Slatinice z,49.567254,17.108834
334649,Šenov z,49.776544,18.37039
334656,AHr Jankovice z,49.356208,17.62312
334672,Moravská Chrastová z,49.62333,16.524469
334722,Drahotuše,49.552401,17.682328
334730,4.TK,49.558099,17.710968
334748,Havířov-Suchá z,49.790722,18.460136
334755,Bzenec-Olšovec z,48.97045,17.294055
334771,Svitavy-Lány z,49.735286,16.483301
334821,Grygov,49.534494,17.305059
334847,Horní Suchá z,49.792872,18.488039
334854,Břežany z,48.873294,16.367529
334920,Halenkov,49.322353,18.153943
334946,Hladké Životice z,49.677738,17.98465
334953,Pravice z,48.848223,16.370449
335026,Huslenky z,49.303097,18.092202
335042,Hlučín,49.900898,18.194579
335059,Bučovice,49.145947,16.998864
335125,Huslenky zastávka z,49.309393,18.119606
335141,Hnojník,49.678509,18.539612
335158,Marefy z,49.149058,16.972142
335224,Nový Hrozenkov nz,49.34075,18.204118
335240,Střítež u Č.Těšína z,49.678458,18.568834
335257,Nevojice z,49.137146,17.048757
335323,N.Hrozenkov zast. z,49.334562,18.177538
335349,Horní Tošanovice z,49.681457,18.504098
335356,Bylnice,49.06774,18.013452
335422,Hanušovice,50.071686,16.929454
335455,Svatý Štěpán z,49.045894,18.035515
335471,Hanušovice-Morava,50.086765,16.920593
335521,Chrastice z,50.14331,16.949546
335547,Jakartovice nz,49.917348,17.691463
335554,Bystřice n. Pernšt.,49.514115,16.245816
335620,Potůčník z,50.080181,16.963796
335646,Svobodné Heřmanice,49.943838,17.653942
335653,Rovné-Divišov z,49.547634,16.172875
335729,Vysoké Žibřidovice z,50.11639,16.937586
335745,Hradec nad Moravicí,49.87738,17.875975
335752,Rozsochy z,49.537425,16.194593
335828,Hanušovice zast. z,50.089216,16.920115
335844,Branka u Opavy z,49.889015,17.877941
335851,Bystřice pod Hostýn.,49.392896,17.665097
335927,Hlubočky,49.647093,17.407981
335935,"vl. v km 17,401",49.667151,17.415565
335943,Chuchelná nz,49.988959,18.113326
335950,Hlinsko p.Host. nz,49.370859,17.631807
336024,Hlubočky-Mar.Údolí,49.612901,17.394628
336040,Bolatice z,49.963389,18.073432
336057,Loukov z,49.409879,17.714673
336123,Hlubočky zast. z,49.626217,17.402712
336149,Štěpánkovice z,49.950234,18.034312
336156,Bzenec,48.969071,17.262957
336214,hr.VUSC 0720/0800 01,49.504327,17.994264
336222,Hostašovice,49.520979,18.016835
336230,AHr Krhová,49.497041,17.990958
336248,Návsí,49.589478,18.754954
336255,Vracov z,48.976568,17.219629
336321,Mořkov,49.538277,18.044237
336347,Bocanovice z,49.563612,18.740032
336354,Čejč,48.942174,16.958221
336388,Čejč výh.č.101,48.946969,16.944844
336420,Horka nad Moravou nz,49.638219,17.200965
336446,Jindřichov ve Slez.,50.248255,17.539612
336453,Terezín u Čejče z,48.956572,16.937972
336529,Horní Lideč,49.18992,18.058311
336545,Jistebník,49.749522,18.151775
336552,Dobronín,49.478228,15.641656
336628,Mořkov hl.trať nz,49.528789,18.068074
336651,Dobronín zast. z,49.480122,15.679064
336669,"vl. v km 3,250",49.479784,15.677567
336677,"vl. v km 3,401",49.48024,15.679585
336685,Vl. ACHP Jihlava,49.480091,15.678707
336727,Lidečko z,49.230012,18.043542
336743,Karviná hl.n.,49.855921,18.526541
336750,Střítež u Jihlavy z,49.458875,15.624844
336768,Olše,49.842621,18.534756
336826,Lidečko ves z,49.209244,18.053039
336842,Karviná-Darkov z,49.834785,18.539362
336859,Kamenná z,49.507738,15.655456
336925,Střelná z,49.17625,18.099941
336933,AHr Lysky,49.179724,18.129465
336941,Karviná město,49.861959,18.547822
336958,Dubňany,48.925556,17.077303
337022,Horní Lipová,50.224588,17.084588
337030,"vl.v km 24,484",50.218337,17.098716
337048,Kopřivnice,49.596058,18.147787
337055,Svatobořice,48.976383,17.098428
337147,Kopřivnice zast. z,49.604039,18.14948
337154,Dzbel,49.610194,16.848208
337162,hr.VUSC 0530/0710 02,49.623138,16.821861
337220,Hranice na Moravě,49.56543,17.741332
337238,Prům.zóna Nošovice,49.665976,18.456071
337253,Jesenec z,49.606358,16.861086
337329,Hranice na M. město,49.54552,17.741726
337337,hr DU 236120/236122,49.52838,17.762678
337352,Konice,49.591483,16.883782
337428,AHr Černotín z,49.527447,17.772132
337451,Zlín-Malenovice,49.2098,17.599658
337527,Hrubá Voda,49.669691,17.438633
337543,Kravaře ve Slezsku,49.935173,18.009592
337550,Zlín střed,49.226527,17.658513
337626,Hrubá Voda zast. z,49.668435,17.422098
337642,Kravaře-Kouty z,49.930989,18.039099
337659,Zlín-Louky z,49.216518,17.623667
337725,Velká Kraš,50.362372,17.126906
337741,Malé Hoštice z,49.932187,17.946064
337758,Zlín-Podvesná z,49.225887,17.691135
337824,Kobylá n.Vidnavkou z,50.338319,17.125236
337840,Velké Hoštice z,49.938128,17.969736
337857,Zlín-Prštné z,49.219828,17.640253
337923,Velká Kraš zast. z,50.365024,17.15485
337949,Dol.Benešov-Zábřeh z,49.924404,18.082096
337956,Zlín-Příluky z,49.220916,17.715555
338020,Vidnava,50.372456,17.179877
338046,D.Benešov-U kaple,49.923957,18.101453
338053,Grešlové Mýto,48.984636,15.874366
338061,hr.VUSC 0630/0640 04,49.011586,15.844454
338129,Hustopeče nad Bečvou,49.523487,17.864247
338137,hr.VUSC 0710/0720 01,49.511864,17.901058
338152,Blížkovice z,49.004065,15.854698
338228,Milotice n. Bečvou z,49.534002,17.836838
338251,Hodonice,48.84147,16.16433
338327,AHr Špičky z,49.536807,17.812142
338350,Dyje z,48.850089,16.12084
338426,Jablůnka,49.37668,17.947356
338459,Hodonín,48.855759,17.120943
338467,"Km 35,900",48.867027,17.125577
338475,"vl. v km 2,277",48.842788,17.122232
338525,Bystřička nz,49.417228,17.958688
338558,Holešov,49.32679,17.569954
338624,Javorník ve Slezsku,50.394792,17.01563
338657,Dobrotice z,49.345133,17.6091
338723,Bernartice u Jav. nz,50.396634,17.081583
338756,Všetuly z,49.321982,17.541268
338822,Horní Heřmanice z,50.387775,17.107451
338855,Holubice,49.180174,16.825379
338921,Jeseník,50.227403,17.192479
338954,Hradčovice,49.044252,17.573359
339028,Jindřichov na Moravě,50.098634,16.988671
339036,AHr Červený Dvůr,50.073133,17.738424
339044,Krnov,50.089799,17.683295
339051,Výh Hrušky,48.78381,16.938769
339127,Nové Losiny z,50.116126,17.005041
339143,Krnov-Cvilín z,50.09374,17.713285
339150,Hrušky zastávka z,48.786977,16.981314
339259,Hrušovany n.J.-Šanov,48.810435,16.382428
339341,Kunčice pod Ondřej.,49.535017,18.296296
339358,Hevlín,48.751678,16.390031
339424,Loučná n.Des.-Fil. z,50.054866,17.082393
339440,Kroměříž-Oskol z,49.291782,17.40743
339457,Hrabětice z,48.798937,16.385289
339523,Kouty nad Desnou,50.09881,17.104341
339556,Hrušovany u Brna,49.0346,16.591231
339622,Loučná nad Desnou,50.071301,17.086414
339655,Vojkovice n.Svrat. z,49.05662,16.597641
339721,Loučná n.Des.-R. nz,50.088466,17.090775
339739,AHr Skalka,49.716832,18.317811
339747,Lískovec u Frýdku,49.698198,18.328461
339754,Žabčice z,49.010372,16.594952
339820,Libina,49.8789,17.061874
339838,"km 15,256=15,000",49.729264,18.305064
339846,Louky nad Olší,49.794666,18.587209
339853,Hulín,49.316058,17.476684
339861,"Km 15,500",49.325048,17.467834
339929,Hrabišín z,49.908019,17.03855
339952,Břest z,49.349949,17.455213
340059,Třebětice,49.317731,17.521189
340141,Opava zastávka z,49.929246,17.934771
340158,Hustopeče u Brna,48.936773,16.736953
340240,Slavkov u Opavy z,49.916793,17.848284
340257,Huštěnovice,49.115187,17.465365
340349,Město Albrechtice,50.168108,17.578718
340372,Chornice,49.676936,16.745173
340422,Lipník nad Bečvou,49.529294,17.573036
340430,Odb Jezernice A,49.540752,17.645338
340448,Krásné Loučky nz,50.125258,17.638504
340455,Odb Jezernice B,49.536073,17.619113
340463,AHr Slavíč,49.544527,17.658815
340471,Mezihoří z,49.703326,16.74201
340489,AHr Benátky,49.534351,17.600988
340497,Výh Jezernice,49.536513,17.62376
340521,Lipová Lázně,50.228462,17.131088
340547,Linhartovy z,50.136458,17.613967
340570,Nectava z,49.657653,16.780158
340612,"vl. v km 2,702",50.243941,17.14347
340620,Lipová Lázně j. z,50.244665,17.143359
340638,"vl. v km 2,909",50.245779,17.143216
340646,Mladecko,49.894671,17.7125
340653,Vl. OMYA Pomezí,50.244955,17.143245
340679,Šubířov z,49.626506,16.81743
340729,Lipová Lázně zast. z,50.229545,17.16088
340745,Dolní Životice nz,49.894708,17.772926
340752,Brno-Chrlice,49.132229,16.657198
340828,Litovel,49.712856,17.074605
340844,Litultovice z,49.887469,17.734109
340927,Litovel předměstí,49.694258,17.07134
340935,"vl. v km 1,012",49.692305,17.06019
340943,Štáblovice z,49.900628,17.8229
341024,Cholina z,49.658174,17.061029
341040,Mosty u Jablunkova,49.524012,18.751183
341057,Chropyně,49.369551,17.361111
341065,hr.VUSC 0710/0720 02,49.380389,17.376501
341073,hr.VUSC 0710/0720 03,49.358599,17.345511
341107,"vl. v km 1,599",49.691747,17.052312
341115,TENZO Litovel,49.692165,17.049524
341123,Chudobín nz,49.694579,17.038994
341149,Mosty u Jabl.zast. z,49.509483,18.751485
341156,Věžky,49.408377,17.416271
341222,Litovel město z,49.701996,17.07098
341230,Kol.č.93,49.888528,18.338029
341248,Bohumín os.n.,49.90101,18.36015
341255,Ivančice,49.098263,16.371725
341321,Mladeč,49.704136,17.0034
341347,Dolní Lutyně z,49.912462,18.4145
341354,Ivančice město z,49.09919,16.383275
341420,Mladeč jeskyně z,49.702841,17.014458
341446,Nový Jičín město,49.598967,18.008476
341453,Ivanovice na Hané,49.306271,17.087033
341461,hr.VUSC 0640/0710 01,49.326006,17.127169
341529,Myslechovice z,49.677166,17.048686
341545,Šenov u N.Jičína z,49.611491,17.993347
341552,Hoštice-Heroltice z,49.291688,17.060752
341628,Lukavice na Moravě,49.825876,16.916687
341644,Odry,49.669595,17.833835
341651,Jaroměřice n. Rokyt.,49.094054,15.865561
341669,Bohušice z,49.086274,15.852709
341701,Odry-Loučky z,49.685144,17.809295
341743,Heřmánky,49.713292,17.758589
341750,Šebkovice z,49.122528,15.832251
341842,Jakubčovice n.O. z,49.696856,17.7886
341859,Jemnice,49.016009,15.581161
341941,Opava východ,49.934133,17.909469
341958,Jihlava-Bosch D. z,49.443662,15.608354
341974,Jevíčko nz,49.631245,16.730613
342048,Opava-Komárov,49.917607,17.957867
342055,Jihlava-Staré Hory z,49.410326,15.568299
342071,Biskupice u Jev. z,49.649626,16.744748
342147,Kylešovice z,49.925057,17.90891
342154,Jihlava,49.415912,15.598971
342162,"Km 200,400",49.430055,15.595963
342246,Otice z,49.918969,17.870441
342253,Jihlava město,49.403735,15.582789
342329,Mikulovice,50.302146,17.319686
342345,Opava západ,49.939412,17.887581
342352,Klobouky u Brna,48.992988,16.886842
342360,"vl.v km 110,511",49.951063,17.873561
342428,Ondřejovice z,50.272398,17.343406
342444,Palhanec,49.962948,17.865912
342527,Milotice nad Opavou,50.014217,17.557428
342543,Vávrovice z,49.974884,17.85861
342550,Dambořice z,49.01974,16.942238
342626,Kunov,50.037363,17.515899
342659,Krumvíř z,48.983499,16.916009
342725,Nové Heřminovy z,50.024747,17.526852
342733,Ostrava-Zábřeh z,49.795614,18.230829
342741,Orlová doly,49.888593,18.34156
342758,Kobylí na Moravě,48.933608,16.880966
342824,Mohelnice,49.776448,16.943167
342857,Brumovice z,48.94723,16.905766
342923,Moravičany,49.758483,16.967728
342949,Osoblaha,50.267834,17.72252
342956,Kojetice na Moravě,49.149503,15.825819
342964,"Km 159,000",49.177101,15.812301
343020,Moravský Beroun,49.784539,17.432188
343046,Amalín z,50.216194,17.663554
343061,Kojetín,49.345429,17.304819
343129,Náměšť na Hané z,49.598067,17.070321
343145,Bohušov,50.240161,17.714733
343160,Lobodice nz,49.400394,17.287416
343210,"km 46,180",49.848504,17.403936
343228,N.Jičín hor.n.,49.591759,18.018856
343244,Horní Povelice z,50.225929,17.654826
343251,Červenka zastávka z,49.72122,17.07647
343269,Měrovice nad Hanou z,49.343854,17.247111
343327,Bludovice,49.575668,18.021533
343343,Koberno z,50.228027,17.699026
343426,Hodslavice,49.550595,18.026424
343442,Opava západ výh.č. 1,49.932819,17.895023
343459,Šlapanice zastávka z,49.163278,16.71938
343467,Uhřičice obec z,49.369747,17.291158
343525,Nový Malín z,49.945888,17.034447
343533,N. Malín dřevosklad,49.948654,17.035449
343541,Slezské Rudoltice,50.212404,17.684133
343558,Komořany u Vyškova,49.215788,16.899489
343624,Olomouc hl.n.,49.591476,17.278943
343632,Olomouc-Bělidla,49.600528,17.278866
343640,Ostrava hl.n.,49.85173,18.266873
343657,Koryčany,49.113193,17.162396
343665,"vl. v km 1,541",49.588002,17.264669
343723,Olomouc město z,49.593975,17.241196
343749,Ostrava-Kunčičky z,49.809021,18.296807
343756,hr.VUSC 0640/0720 01,49.111088,17.14048
343780,Lesůňky z,49.107213,15.846268
343822,Olomouc-Hejčín z,49.602326,17.236611
343848,Ostrava-Mar.Hory z,49.836864,18.239323
343855,Kostelec na Hané,49.509016,17.065009
343863,Ostr.střed V06071 HI,49.827018,18.282105
343921,Olomouc-Řepčín,49.616707,17.223894
343939,Ostrava-Stodolní,49.835112,18.280438
343947,Ostrava střed,49.829006,18.282951
343954,Lutotín z,49.518506,17.031094
343962,Ostrava střed Sc1H,49.831344,18.283049
344028,Olomouc-Nová Ulice,49.587184,17.244585
344036,Uhelná služba,49.858539,18.280427
344044,Ostrava-Hrušov,49.860881,18.284484
344051,Zdětín u Prostěj. z,49.528312,16.987749
344127,Olomouc-Smet.sady z,49.585562,17.254902
344143,Ostrava-Kunčice,49.790262,18.291522
344242,Ostrava-Bartovice,49.778949,18.340184
344341,Ostrava-Svinov,49.820807,18.210158
344440,Ostrava-Třebovice,49.841398,18.196016
344549,Polanka nad Odrou z,49.779157,18.190132
344556,Krahulov,49.215277,15.804434
344648,Ostravice,49.537312,18.393813
344655,Kralice nad Oslavou,49.192306,16.203532
344721,Ostružná,50.182961,17.051049
344754,Kroměříž,49.302111,17.404742
344762,hr.VUSC 0710/0720 05,49.334468,17.334018
344820,Ramzová z,50.193739,17.063576
344853,Bezměrov z,49.332079,17.338759
344945,Ostravice zast. z,49.550714,18.380157
344952,Jarohněvice z,49.263405,17.380602
345058,Kotojedy z,49.284229,17.403588
345066,"vl. v km 2,125",49.287561,17.405282
345074,"vl. v km 2,575",49.283684,17.403309
345082,Vl. Kotojedy,49.285657,17.404386
345124,Rapotín zastávka z,50.009444,17.031262
345140,Paskov,49.73545,18.30312
345157,Postoupky z,49.321079,17.360408
345223,Petrov nad Desnou,50.000756,17.030366
345249,Petrovice u Karviné,49.893975,18.550339
345322,Rapotín z,50.014756,17.032882
345348,Závada z,49.897604,18.509352
345355,Šelešovice z,49.249741,17.36367
345421,Velké Losiny,50.031793,17.042658
345439,hr.VUSC 0710/0800 02,49.573712,17.864342
345447,Polom,49.574206,17.856505
345454,Křenovice horní n.,49.14357,16.82459
345520,Velké Losiny zast. z,50.040053,17.055879
345538,Velké Losiny zámek z,50.025096,17.037336
345546,Bělotín z,49.583581,17.800216
345553,Hostěrádky-Rešov z,49.120117,16.783143
345629,Písečná,50.278813,17.259921
345637,"vl. v km 40,479",50.260993,17.229731
345652,Zbýšov z,49.132789,16.806991
345678,Troubelice střed z,49.813333,17.076257
345728,Česká Ves z,50.253071,17.215258
345744,Příbor,49.635341,18.141882
345751,Křižanov,49.385134,16.080264
345827,Hradec-Nová Ves z,50.286463,17.273887
345843,Ropice z,49.712472,18.616456
345850,Ořechov z,49.350478,16.13645
345926,Česká Ves bazén z,50.259869,17.22785
345942,Ropice-Zálesí z,49.693557,18.59593
345959,Kunovice,49.051887,17.470267
345967,Kunovice výh.č. 19,49.04991,17.462945
345975,Kunovice výh.č. 20,49.054987,17.463031
345983,"vl. v km 99,560",49.039791,17.46131
346015,Sedlnice-Bartošovice,49.682022,18.072889
346031,"Mošnov, Ostr.Airport",49.693341,18.118638
346049,Sedlnice předj.k.,49.672999,18.10319
346056,Kunovice zastávka z,49.037803,17.461001
346064,Sedlnice výh.č. 1,49.676137,18.0918
346072,Sedlnice výh.č. 2,49.678496,18.099106
346080,Sedlnice z,49.676187,18.089788
346148,Skotnice z,49.656506,18.128559
346155,Popovice u U.H. z,49.046472,17.526806
346163,AHr Popovice,49.047794,17.514485
346213,Ter. Ova Mošnov OAMP,49.686493,18.107765
346254,Vésky z,49.042832,17.502912
346361,Kunovice-Loučka,49.439644,17.818298
346429,Osek nad Bečvou z,49.517074,17.523659
346452,V06319,49.431081,17.794302
346460,Podhradní Lhota z,49.431873,17.797384
346528,Prosenice,49.503024,17.484967
346551,Kuřim,49.300968,16.534797
346627,Přerov os.n.,49.447115,17.445299
346643,Skrochovice,50.018082,17.777254
346650,Česká z,49.284873,16.566414
346668,CDP Přerov,49.446536,17.450028
346676,RDP Olomouc,49.596475,17.276051
346726,Horní Moštěnice z,49.414748,17.452508
346742,Holasovice z,50.000041,17.804239
346759,Kyjov,49.016276,17.122823
346841,Úvalno z,50.049531,17.754884
346858,Kyjov zastávka z,49.003031,17.124103
346932,Studénka nákl.n.,49.705025,18.051981
346940,Studénka,49.707484,18.06624
346957,Lanžhot,48.732828,16.962579
347021,Příkazy,49.638563,17.144405
347054,Lednice nz,48.794076,16.801837
347120,Skrbeň z,49.638827,17.174448
347153,Lednice rybníky z,48.781081,16.803292
347252,Letovice,49.556091,16.57084
347260,hr.VUSC 0530/0640 02,49.591582,16.540726
347351,Letovice zastávka z,49.535172,16.577238
347450,Rozhraní z,49.602359,16.532156
347559,Luhačovice,49.09875,17.751453
347658,Biskupice u Luh. z,49.077038,17.716588
347724,Hanušovice Holba z,50.058584,16.923688
347757,Polichno z,49.068422,17.711118
347823,Rožnov pod Radhoštěm,49.460536,18.134551
347831,"km 12,695=12,687",49.460459,18.129543
347856,Luka nad Jihlavou,49.369167,15.710921
347864,"vl. v km 192,644",49.38941,15.652108
347922,Střítež nad Bečvou,49.465432,18.064118
347948,"vl. v km 1,689",49.633879,17.919633
347955,Malý Beranov z,49.401939,15.631247
348029,Zubří z,49.461119,18.093763
348045,Suchdol nad Odrou,49.641659,17.937537
348052,Bítovčice z,49.363559,15.734476
348128,Ruda nad Moravou,49.983886,16.888829
348136,"vl.v km 56,162",49.960091,16.868394
348144,Hlad.Životice m.n. z,49.679802,17.950965
348151,Luleč,49.248549,16.922839
348169,"vl. v km 55,996",49.958383,16.869266
348227,Bartoňov z,49.968817,16.875623
348243,Jeseník nad Odrou z,49.615713,17.902408
348250,Lužice,48.827625,17.062182
348268,Odb Vražné,49.611338,17.898699
348326,Rýmařov,49.929717,17.284307
348342,Kunín z,49.636861,17.963169
348375,Městečko Trnávka,49.715206,16.724522
348425,Jamartice z,49.934078,17.318011
348441,Mankovice z,49.635785,17.87576
348474,Rozstání z,49.728467,16.731127
348508,Znojmo nemocnice z,48.865489,16.04841
348524,Velká Štáhle z,49.930944,17.352178
348540,Štítina,49.91298,18.005749
348557,Mikulov na Moravě,48.802162,16.625374
348573,Radkov u Mor.Třeb.,49.732216,16.738292
348623,Senice na Hané,49.620735,17.099155
348649,Mokré Lazce z,49.909264,18.032305
348656,AHr Březí z,48.813154,16.553505
348722,Odrlice z,49.643512,17.072111
348748,Štramberk,49.58312,18.132904
348755,Miroslav,48.935829,16.362295
348821,Senice na H. zast. z,49.632535,17.086633
348847,Ženklava z,49.564766,18.130972
348854,Dolenice z,48.912082,16.367857
348920,Sobotín,50.017702,17.06678
348946,Třemešná ve Slezsku,50.199451,17.574064
348953,Našiměřice z,48.962982,16.351121
349027,Staré Město p.Sněž.,50.162258,16.942059
349043,Dívčí Hrad z,50.232517,17.644632
349076,Mladějov na Moravě,49.825149,16.588196
349126,Střeň z,49.697537,17.156028
349142,Liptaň,50.223788,17.609017
349175,Anenská Studánka z,49.854564,16.556557
349225,Petrov n.Des.zast. z,50.005171,17.042858
349241,Třinec,49.687307,18.661884
349274,Kunčina z,49.796302,16.637832
349282,Třinec-Konská,49.704174,18.638872
349324,Štěpánov,49.671482,17.219944
349340,Třinec-Konská z,49.702266,18.64094
349373,Trpík z,49.845156,16.569562
349423,Šternberk,49.720558,17.285918
349449,Třinec centrum z,49.670531,18.68122
349456,Modřice,49.133446,16.606178
349522,Mladějovice z,49.758666,17.23474
349555,Moravská Nová Ves,48.799313,17.021262
349621,Štarnov z,49.683631,17.284766
349670,Moravská Třebová,49.766663,16.666291
349720,Šumperk,49.96178,16.982494
349738,Šumperk zastávka z,49.949752,16.966699
349753,Ostopovice z,49.165294,16.543453
349761,Brno-St. Lískovec z,49.162177,16.572272
349779,Linhartice z,49.751941,16.712678
349829,Vikýřovice z,49.976893,17.013838
349845,Veřovice,49.536897,18.133179
349852,Moravské Bránice,49.084854,16.428626
349860,"Km 138,700",49.127771,16.464268
349928,Teplice nad Bečvou z,49.530324,17.748414
349951,Ivančice letovisko z,49.094496,16.402156
350025,Výh Troubelice,49.804367,17.076384
350041,Vítkov,49.774141,17.747482
350058,Moravské Budějovice,49.057763,15.809917
350124,Nová Hradečná z,49.835408,17.072259
350132,AHr Nová Hradečná,49.830914,17.071095
350140,Čermná ve Slezsku nz,49.788326,17.708501
350157,Dědice z,49.034273,15.725252
350223,Troubelice zast. z,49.825527,17.067117
350249,Klokočov z,49.73723,17.769292
350322,Babice u Šternb. z,49.74094,17.268751
350348,Vratimov,49.769941,18.303474
350355,AHr Zaryje,49.754675,18.305665
350413,Vítkovice výh.č.144,49.803167,18.274191
350421,Vítkovice Západní n.,49.803468,18.260082
350439,Vítkovice Východní n,49.803613,18.267639
350447,Ostrava-Vítkovice,49.801574,18.262697
350488,Vítkovice výh.č.1,49.80316,18.275515
350553,Jackov z,49.036729,15.764347
350629,Třebčín,49.550575,17.118141
350652,Lhotice u Jemnice z,49.021964,15.606746
350751,Rácovice z,49.023864,15.686981
350850,Třebelovice,49.020929,15.65771
350959,Vesce z,49.01915,15.830822
351056,Moravský Krumlov,49.046734,16.338076
351122,Uničov,49.779228,17.115785
351130,"vl. v km 13,159",49.777709,17.142009
351155,Budkovice z,49.067688,16.365138
351221,Újezd u Uničova,49.775167,17.18667
351254,Moravský Písek,48.978303,17.316008
351262,"vl. v km 12,896",49.117014,16.702584
351270,hr DU 230602/230604,48.970799,17.295678
351320,Uničov zastávka z,49.777532,17.145039
351353,Mor.Písek zast. z,48.990937,17.329747
351429,Valašská Polanka,49.258079,17.999485
351437,Mutěnice kolej 90S D,48.909382,17.050626
351445,Mutěnice kolej 90S H,48.902079,17.048762
351452,Mutěnice,48.904626,17.040218
351528,Lužná u Vsetína z,49.243119,18.019571
351551,Mutěnice zastávka z,48.912088,17.026662
351627,Valašské Meziříčí,49.474507,17.960638
351726,Brňov z,49.437536,17.967349
351759,Náměšť nad Oslavou,49.207314,16.146901
351783,"Km 31,000",49.212375,16.130022
351825,Hrachovec z,49.476148,18.00494
351858,Napajedla,49.162067,17.504803
351924,Krhová z,49.477033,17.989583
351957,Spytihněv z,49.141836,17.494566
352021,Lhotka nad Bečvou,49.503615,17.934252
352054,Nedakonice,49.033017,17.375582
352062,hr.VUSC 0640/0720 02,49.007055,17.347289
352120,Zašová nz,49.468184,18.041052
352153,Nedvědice,49.454405,16.335754
352161,hr.VUSC 0630/0640 01,49.449849,16.321483
352229,Valšov,49.933548,17.437127
352252,Doubravník z,49.428572,16.351486
352328,Břidličná lesy z,49.917912,17.402891
352351,Němčice nad Hanou,49.34495,17.216621
352427,Vápenná,50.284183,17.094659
352450,Nemotice,49.132944,17.114044
352559,Jestřabice z,49.087959,17.113065
352658,Nesovice,49.149201,17.079307
352724,Karolinka zastávka z,49.350377,18.231905
352757,Brankovice z,49.150381,17.134839
352823,Velká Bystřice,49.593427,17.344917
352831,AHr Bystrovany,49.600528,17.315474
352856,Nezamyslice,49.335712,17.161526
352922,Bystrovany z,49.599036,17.321541
352955,Chvalkovice na H. z,49.32121,17.111255
353029,V. Bystřice zast. z,49.597875,17.365044
353052,Kovalovice-Osíčany,49.282942,17.172992
353128,Velké Karlovice,49.362278,18.30221
353151,Morkovice,49.254373,17.210572
353227,Karolinka nz,49.350403,18.245698
353250,Prasklice,49.280882,17.184032
353326,V.Karlovice zast. z,49.358689,18.285997
353359,Těšice,49.321176,17.159698
353425,Vrbátky,49.501672,17.197994
353458,Tištín,49.313435,17.166773
353524,Kraličky z,49.486396,17.180946
353557,Uhřice u Krom.,49.275846,17.200115
353623,Vrbno pod Pradědem,50.117852,17.387844
353656,Nezdenice,49.022118,17.748929
353722,Karlovice,50.104824,17.439354
353755,Záhorovice z,49.021275,17.778121
353821,Pocheň z,50.075004,17.448235
353854,Nové Město na Moravě,49.568419,16.080649
353862,"Km 49,200",49.569794,16.106161
353920,Skrbovice z,50.052116,17.484334
353953,N.Město na M.zast. z,49.564566,16.060308
354027,Široká Niva,50.066549,17.473433
354050,Olešná na Moravě z,49.561752,16.12338
354126,Vrbno p.Prad.zast. z,50.114298,17.398042
354159,Novosedly,48.825731,16.494162
354225,Karlovice zast. z,50.107621,17.427666
354258,Jevišovka z,48.820226,16.467697
354357,Dobré Pole z,48.820219,16.533271
354423,Vsetín,49.334866,17.994348
354431,Vsetín-Bečva,49.320358,17.994585
354456,Okříšky,49.247916,15.770072
354522,Hovězí,49.304896,18.059691
354555,Hvězdoňovice z,49.223188,15.758407
354621,Janová z,49.308126,18.020051
354654,Olbramkostel,48.903191,15.948863
354720,Leskovec z,49.286973,18.001027
354746,"vl. v km 39,575",49.410535,17.715535
354753,Osíčko,49.423075,17.742459
354761,"vl. v km 39,240",49.408262,17.71255
354829,Ústí u Vs.,49.300955,18.004948
354852,Oslavany nz,49.118706,16.346984
354928,Ústí u Vs. zast. z,49.309776,18.003326
354951,Uherský Ostroh,48.981078,17.403338
354969,hr.VUSC 0640/0720 03,48.971371,17.401578
355024,Zábřeh na Moravě,49.871478,16.888296
355057,Ostrov nad Oslavou,49.495817,15.991881
355123,Postřelmov,49.909568,16.922492
355156,Zlín-Dlouhá z,49.229254,17.672468
355222,Zlaté Hory,50.259325,17.383144
355255,Zlín-U mlýna z,49.207663,17.584881
355321,Ondřejovice zast. z,50.262959,17.354046
355354,Zlín-Louky obch.c. z,49.212604,17.614293
355420,Zábřeh n.M. zast. z,49.884826,16.889088
355529,"AHr Km 1,700",49.886848,16.891678
355552,Ostrožská Nová Ves,49.009285,17.435964
355651,Ostrož.N.Ves lázně z,49.01861,17.446734
355727,Žulová,50.307889,17.102794
355750,Otrokovice,49.203782,17.530885
355826,Tomíkovice z,50.322676,17.107691
355859,Zlín-Malen. zast. z,49.205601,17.574316
356055,Podivín,48.838144,16.853286
356154,Ladná z,48.813218,16.8808
356253,Rakvice z,48.86741,16.820828
356352,Otrokovice-Trávn. z,49.200445,17.546598
356378,Pohled,49.600221,15.657808
356477,Stříbrné Hory z,49.597346,15.681998
356550,Pohořelice,48.97635,16.516107
356659,Velký Dvůr z,48.965059,16.530885
356758,Polná nz,49.486604,15.704021
356857,Poštorná nz,48.750731,16.851984
356865,"vl. v km 1,568",48.747062,16.853334
356956,Charvátská N. Ves z,48.760016,16.842089
357053,Prostějov hl.n.,49.472043,17.129558
357061,"vl. v km 0,714",49.477507,17.127018
357129,Vrahovice z,49.482818,17.150704
357251,Prostějov míst.n. nz,49.478924,17.111601
357269,V06248,49.479537,17.107341
357376,Přibyslav,49.569496,15.743913
357475,Přibyslav zastávka z,49.579013,15.71791
357574,Ronov nad Sázavou z,49.566364,15.773877
357657,Křemenec z,49.572733,16.906045
357673,Nížkov z,49.555326,15.798639
357756,Ptení,49.529564,16.957665
357855,Čunín z,49.563674,16.913419
357954,Stražisko z,49.542412,16.928771
358051,Rájec-Jestřebí,49.406953,16.628058
358150,Rajhrad z,49.084627,16.605284
358168,Odb Rajhrad,49.080386,16.605158
358259,Popovice u Rajhr. z,49.10351,16.605613
358358,Rakšice,49.014157,16.345241
358457,Bohutice z,48.98766,16.356117
358556,Rapotice,49.183555,16.257356
358564,hr.VUSC 0630/0640 02,49.179247,16.270674
358655,Vysoké Popovice z,49.178476,16.292385
358754,Rohatec,48.892687,17.198231
358853,Rohatec zastávka z,48.882666,17.177244
358903,Baťův kanál-výkl.,48.873946,17.228661
358952,Rohatec kolonie z,48.892564,17.212289
359059,Rousínov,49.197053,16.867673
359158,Velešovice,49.186137,16.839249
359257,Rožná,49.472244,16.245444
359265,"vl. v km 68,417",49.489379,16.235039
359273,Vlečka Diamo,49.494914,16.234459
359356,Věžná z,49.451501,16.270278
359455,Řikonín,49.365121,16.308547
359554,hr.VUSC 0630/0640 03,49.328159,16.240513
359562,Říkovice,49.378339,17.454024
359653,Sázava u Žďáru,49.562777,15.847264
359661,hr.VUSC 0710/0720 04,49.376188,17.454114
359729,Vikýřovice-Lesní z,49.985349,17.019811
359752,Silůvky,49.107446,16.462495
359828,Vikýřovice u penz. z,49.966902,17.003814
359851,Skalice nad Svitavou,49.480148,16.609782
359950,Doubravice n.Svit. z,49.438678,16.621782
360057,Svitávka z,49.499879,16.59815
360156,Zboněk z,49.521133,16.583865
360552,Sklené nad Oslavou,49.437227,16.053904
360651,Laštovičky z,49.468726,16.015706
360750,Slavičín,49.074086,17.899349
360768,"Km 142,100",49.068629,17.876711
360776,AHr Pitín,49.04624,17.849117
360859,Hostětín z,49.053636,17.872285
361055,Slavkov u Brna,49.144646,16.872569
361154,Křižanovice z,49.145,16.935018
361253,Sokolnice-Telnice,49.107953,16.733885
361352,Újezd u Brna z,49.107297,16.744871
361451,Staré Město u U.H.,49.076595,17.423151
361550,Kostelany nad Mor. z,49.052586,17.396931
361659,Stařeč,49.194979,15.804359
361758,Bzenec přívoz,48.936855,17.289409
361857,Střelice,49.154018,16.484155
361865,Střelice dolní z,49.156523,16.506281
361956,Vlčatín z,49.305449,15.950531
362053,Radostice z,49.134039,16.461828
362152,Troubsko z,49.164334,16.527062
362251,Studenec,49.222435,16.069316
362269,"Km 38,894",49.216296,16.030733
362350,Pozďatín z,49.239278,16.040946
362459,Šakvice,48.912957,16.705098
362558,Popice z,48.924394,16.66775
362657,Pouzdřany z,48.942153,16.630312
362749,Znojmo-N. Šaldorf z,48.819976,16.044267
362756,Šatov,48.779869,16.025756
362855,Šebetov,49.554236,16.699033
362954,Cetkovice z,49.588052,16.704781
363051,Knínice u Bosk. nz,49.534704,16.689499
363150,Světlá u Bosk.,49.568295,16.701796
363275,Šlapanov,49.545236,15.652638
363358,Kojatín z,49.243961,16.024705
363457,Šlapanice,49.157107,16.729188
363556,Ponětovice z,49.154967,16.749289
363655,Šumná,48.92313,15.874333
363747,Tetčice z,49.172403,16.407847
363754,Tetčice-Bobrava,49.173708,16.402512
363762,"vl. v km 8,374",49.178497,16.384379
363853,Omice z,49.161133,16.446642
363952,Tišnov,49.347325,16.417669
364059,Borač z,49.401264,16.365981
364158,Čebín z,49.319976,16.465214
364257,Dolní Loučky z,49.356511,16.346551
364356,Hradčany z,49.334684,16.437152
364455,Prudká,49.412964,16.370847
364554,Prudká zastávka z,49.418738,16.366917
364653,Štěpánovice z,49.37351,16.389453
364752,Tlumačov,49.253791,17.501476
364851,Záhlinice z,49.291395,17.4913
364968,Tovačov nz,49.425666,17.282046
365064,Oplocany z,49.418127,17.282244
365353,Vladislav zast. z,49.211769,15.982895
365452,Poteč z,49.154507,18.042863
365551,Třebíč,49.211431,15.885704
365569,"Km 54,200",49.209947,15.829336
365577,"vl.v km 52,785",49.208356,15.84842
365650,Třebíč-Borovina z,49.208709,15.852292
365759,Uherské Hradiště,49.066856,17.457186
365858,Uherský Brod,49.022079,17.642683
365957,Havřice z,49.03259,17.620074
366054,Uhřice u Kyjova,49.022581,16.965014
366153,Újezdec u Luhačovic,49.032824,17.685303
366252,Šumice z,49.030021,17.723879
366351,Valašské Klobouky,49.142096,18.022541
366450,Valašské Příkazy z,49.165809,18.063018
366559,Valtice,48.747394,16.743137
366567,"Km 93,360",48.750333,16.773409
366575,"Km 92,980",48.747926,16.777052
366658,Sedlec u Mikulova,48.774799,16.696639
366757,Valtice město z,48.748547,16.761796
366856,Velké Meziříčí,49.346089,16.021415
366872,Vel. Meziříčí st.n.,49.351521,16.003457
366955,Martinice u V.Mez. z,49.370224,16.044291
367052,Oslavice nz,49.338334,15.988861
367060,"vl. v km 21,391",49.348266,15.996069
367151,Oslavička z,49.319029,15.966774
367250,Budišov u Třebíče,49.272566,16.008955
367359,Rudíkov,49.297848,15.951014
367458,Vel.Meziříčí zast. z,49.352897,16.00852
367557,Velké Opatovice,49.611341,16.690736
367565,hr.VUSC 0530/0640 01,49.616068,16.720908
367656,Velké Pavlovice,48.889906,16.823599
367755,Bořetice z,48.916407,16.850649
367854,V.Pavlovice zast. z,48.901994,16.822422
367953,Veselí nad Moravou,48.948681,17.382358
368050,Vizovice,49.220105,17.843265
368159,Zádveřice z,49.21579,17.808574
368258,Vladislav,49.212759,15.963603
368266,"Km 39,975",49.213089,16.017291
368357,Vlkoš,48.987841,17.166957
368365,"km 67,301=68,900",48.987031,17.149441
368456,Vlkov u Tišnova,49.322888,16.213444
368464,Vlkov-Osová,49.327011,16.200918
368555,Níhov z,49.336772,16.270662
368654,Osová Bítýška z,49.329668,16.168783
368753,Vranovice,48.964442,16.604244
368852,Přibice z,48.965652,16.574037
368951,Vyškov na Moravě,49.278843,16.991836
368969,AHr Drnovice,49.260415,16.957346
368977,AHr Topolany,49.283905,17.037665
369058,Zaječí,48.889489,16.781769
369157,Zastávka u Brna,49.187753,16.357966
369256,Rosice u Brna z,49.178934,16.383344
369355,Zdounky,49.229039,17.315871
369454,Zborovice,49.25362,17.282767
369553,Znojmo,48.852415,16.058568
369561,"Km 101,500",48.861068,16.056957
369579,"vl. v km 21,597",48.850072,16.101603
369652,Citonice z,48.879025,15.977393
369751,Ždánice,49.052914,17.026623
369850,Zborovice zastávka z,49.246391,17.289693
369959,Želetice,49.016349,17.002515
370056,Dražůvky,49.029037,17.023701
370155,Žďár nad Sázavou,49.553929,15.938837
370163,"Km 36,600",49.557627,15.973283
370171,Žďár-prům.zóna z,49.552254,15.961741
370254,Veselíčko,49.555224,16.00392
370353,Hamry nad Sázavou z,49.56733,15.896821
370452,Radňovice z,49.56185,16.033308
370551,Lípa nad Dřevnicí,49.216019,17.769606
370650,Želechovice n.Dř. z,49.219592,17.744281
370759,Židlochovice,49.032714,16.617263
370858,Sudoměřice nad Mor.,48.871329,17.242616
370957,Strážnice,48.897556,17.318811
371005,"km 179,000 -0,008",49.311086,15.744392
371054,Petrov u Stráž. z,48.878896,17.273893
371138,"km 6,132=6,273",49.79082,18.585144
371153,Vnorovy z,48.930448,17.346907
371203,"km 214,200 -0,046",49.583075,17.755123
371252,Blatnice p.Sv.Ant.nz,48.940659,17.439375
371351,AHr Lipov nz,48.909832,17.457734
371369,"km 33,600 -0,042",49.411566,17.952373
371385,"km 26,400 -0,020",49.463108,17.963437
371450,Velká nad Veličkou,48.878936,17.510576
371518,"km 51,500=51,363",49.106629,17.110301
371526,"km 53,100=53,072",49.092898,17.11284
371534,"km 57,900=57,860",49.055453,17.119097
371559,Louka u Ostrohu z,48.912267,17.484483
371583,"km 28,600 -0,011",49.201182,16.155726
371757,Javorník n.V.zast. z,48.860928,17.520631
371799,"km 79,800=79,792",48.969494,17.290271
371856,Vlárský průsmyk,49.032871,18.053089
371872,"km 9,900 -0,022",48.721552,16.984079
371906,"km 42,908=42,903",49.963539,16.995412
371914,"km 29,900 +0,010",49.745005,17.445582
371955,Hodonín zast. z,48.844197,17.121063
371989,"km 64,000=63,985",49.005139,17.119758
372052,Ves.n.M.-Zarazice z,48.937235,17.361274
373415,1.TK albrechtická,49.78056,18.598797
373423,2.TK loucká,49.770744,18.606571
375618,AHr Holba,50.049192,16.916707
376749,AHr Neplachovice,49.992384,17.819022
377861,AHr Příbram na Mor.,49.182429,16.307444
377952,Ves.n.M.-Milokošť z,48.967276,17.399036
380006,Bohumín přednádraží,49.893896,18.346594
380014,Břeclav přednádraží,48.768074,16.906481
380022,Český Těšín frýd.přn,49.737825,18.623112
380030,Český Těšín nákl.n.,49.737447,18.62156
380048,Olomouc přednádraží,49.606873,17.271699
380055,Ostrava hl.n. OMH,49.835726,18.236914
380063,Třemešná ve Sl. ú.r.,50.199994,17.574267
380089,Brno-Maloměřice St.3,49.224348,16.651195
380097,Brno-Maloměřice St.6,49.226013,16.659358
380105,Opava západ výh.č.19,49.959453,17.867825
380139,"vl. v km 2,241",49.476973,17.990459
380147,Ostrava levé n.,49.843196,18.251347
380154,Brno dolní n.,49.182051,16.615216
380162,"Km 113,700",49.928325,17.898656
380188,"Brno p. n.S3b,Lc3c",49.180878,16.607175
380196,"km 113,760",48.981449,16.354403
380204,Darkov,49.831791,18.526781
380212,ČSM sever,49.819282,18.548191
380220,Přerov přednádraží,49.433683,17.45179
380238,Třinec kol. TŽ,49.693555,18.652686
380246,Ostrava pravé n.,49.844516,18.253462
380253,Brno jih,49.150094,16.60696
380261,Brno hl.n. přednádr.,49.183283,16.607297
380279,Brno hl.n. odst.n. S,49.19323,16.615117
380287,Brno hl.n. odst.n. A,49.179719,16.607014
380295,Brno hl.n. odst.n. B,49.179811,16.609043
380303,Brno hl.n. odst.n. F,49.177221,16.607225
380311,Brno hl.n. odst.n. H,49.168118,16.607273
380329,Vl.Opavská lesní,49.889558,17.878063
380337,RDP Brno,49.189366,16.609535
380345,Ostrava uhelné n.,49.850368,18.266931
380352,"vl. v km 6,519",49.890187,17.878353
380360,"vl. v km 6,704",49.888554,17.877779
380386,"vl. v km 32,704",49.628468,16.815395
380394,"Km 10,100",48.996327,16.898904
380402,Vl. Eurovia Jakubč.,49.697367,17.787235
380428,Výh Dluhonice,49.451508,17.40212
380436,"vl. v km 5,866",49.614604,17.98911
380444,Ostrava báňské n.VOK,49.844062,18.27435
380451,"Ova hl.n. Sc101,102",49.848284,18.260773
380469,"vl. v km 14,490",49.695725,17.792308
380477,"vl. v km 15,207",49.698388,17.78338
380485,"vl. v km 16,692",49.70543,17.768637
380493,"vl. v km 16,982",49.707127,17.765598
380535,Přerov levé v. kopec,49.435093,17.451908
380550,Vl.Voj.lesy Heřmánky,49.706312,17.76691
380568,Přerov levé předn.,49.424109,17.452238
380584,Přerov st.9,49.430366,17.451846
380626,Odb Skalka,49.56155,17.756925
380691,Lípa n.Dř. výh.č.6,49.216517,17.761995
380709,Ostrava hl.n. ONV,49.834386,18.234992
380717,Olomouc vj.sk.,49.6215,17.264953
380725,Ostrava vjezd.výh.,49.831942,18.227232
380733,Kopřivnice nákl.nádr,49.611795,18.14879
380741,Bohumín levé předn.,49.894046,18.347127
380766,"vl. v km 4,300",50.010184,17.430207
380774,2.TK albrechtická,49.77264,18.605542
380808,"Km 2,800",49.361898,17.294905
380824,"vl. v km 6,307",49.611648,17.993151
380832,BIOCEL Paskov závod,49.72029,18.282625
380840,Bohumín-Vrbice,49.881618,18.323448
380881,"vl. v km 4,051",49.207088,17.581931
380907,"vl. v km 8,231",49.403984,17.286511
380923,Vl. VOP 025 s.p.,49.613164,17.991524
380931,Odb Rychvald,49.866634,18.351528
380949,Orlová,49.847109,18.425995
380956,Orlová (výhybka K1),49.841982,18.432898
381004,Hanušovice náv. L,50.079809,16.937665
381038,ČSA,49.845435,18.495331
381046,Doubrava,49.844505,18.454126
381053,Dobrčice,49.399978,17.453082
381061,Blažovice-CEMO,49.214126,16.777572
381079,"vl. v km 1,852",49.605804,17.287076
381111,"vl. v km 63,462",49.345019,17.167107
381137,Odb Stonava,49.826354,18.544122
381145,Karviná-Doly,49.83598,18.519801
381178,Olomouc kol. č. 5a,49.583385,17.275982
381194,"vl.v km 63,725",49.006125,17.116973
381210,Lípa n.Dř.-METRANS,49.216598,17.766379
381236,Šance,49.504286,18.754535
381244,ÚZK,49.822886,18.481808
381269,AHr Brn. Ivanovice,49.163164,16.64798
381343,Prostřední Suchá,49.805244,18.458543
381434,ČSM jih,49.804365,18.557354
381442,Karviná-důl ČSM,49.819783,18.547612
381533,Alexandr,49.80937,18.321856
381541,Zárubek,49.826082,18.300365
381640,Josefova jáma,49.843002,18.327626
381749,Ostrava-důl Michál.,49.842401,18.347473
381848,Orlová obvod Poruba,49.845501,18.424105
381947,Orlová hl.jáma,49.834186,18.439989
381962,"Bohumín náv.1CL,L96",49.906044,18.336426
382044,Ostrava-Vítk.želez.,49.812764,18.282542
382051,Vítkovice dol.nádr.,49.818651,18.287654
382143,Důl Fučík 1,49.813329,18.378607
382150,Odb Brno-Černovice,49.190182,16.642973
382184,"AMO, nádraží Vh-Vd",49.795831,18.292547
382192,AMO jižní nádraží,49.782508,18.310337
382200,AMO Koksovna,49.788627,18.327194
382218,AMO cihelna,49.791112,18.310782
382226,AMO osob.nádraží,49.797078,18.315764
382234,AMO Sever.nádraží,49.802043,18.303212
382242,Ostrava-Nová huť,49.796342,18.309609
382259,Brno-Černov.zhl.Táb.,49.194442,16.638805
382333,Staříč,49.698127,18.277885
382341,Paskov (AWT),49.744964,18.290232
382440,Paskov-BIOCEL,49.70797,18.312318
382457,Odb Chotěbuz,49.778768,18.600438
382549,Odb Koukolná,49.885469,18.493131
382648,Odb Závada,49.895227,18.49569
382747,Odb Odra,49.795408,18.213449
382986,"Bohumín náv. 2CL,S98",49.90595,18.336471
383042,Pudlov,49.903571,18.340994
383141,Výh Polanka n.Odrou,49.787769,18.1943
383349,Odb Moravice,49.921883,17.896877
383448,Bohumín pravé předn.,49.89711,18.352425
383646,Heřmanice,49.864435,18.317372
383943,Bohumín-Vrbice S618a,49.894025,18.340055
384255,Pohansko,48.739978,16.879973
385088,"vl. v km 1,910",48.845202,17.119038
385302,Posvitavské vlečky,49.199306,16.634391
385377,AHr Smrk,49.212825,16.013452
386177,vl.SŽDC Cargo Přerov,49.419406,17.452571
386920,Odb Karviná-Darkov z,49.835287,18.539066
387225,Vl. Cement Hranice,49.564429,17.773379
388744,"vl. v km 22,156",49.322679,17.544496
391029,ČD travel Olomouc,49.596673,17.274545
391623,ČD centr.V.Meziříčí,49.473862,17.966016
391946,ČD centrum Opava v.,49.931235,17.915055
392043,ČD travel Ostrava,49.854127,18.274614
392159,ČD centrum Jihlava,49.413334,15.598928
392340,ČD centrum Č.Těšín,49.742955,18.623498
392951,ČD centrum Brno hl.n,49.191389,16.61126
393447,ČD centr.Frýdek-Míst,49.678101,18.354056
393629,ČD centrum Olomouc,49.591737,17.277454
393645,ČD centr.Ostrava hl,49.851485,18.270041
394254,ČD centrum Břeclav,48.757071,16.893831
394346,ČD centr.Ostrava-Sv.,49.820916,18.207432
394486,Ramzová Šos,50.193393,17.06361
395020,ČD centr.Zábřeh n.M.,49.870439,16.891972
396051,ČD travel Brno hl.n.,49.192558,16.612798
396622,ČD centrum Přerov,49.446784,17.446805
396747,ČD centrum Karviná,49.856631,18.526831
397059,ČD centrum Prostějov,49.472222,17.128402
397554,ČD centr. Zlín střed,49.227866,17.657403
397950,ČD centr.Veselí n.M.,48.948382,17.379815
399048,ČD centrum Krnov,50.089663,17.683794
399253,CHAPS Brno,49.190241,16.602231
399261,KORDIS Brno,49.186878,16.60452
399550,ČD centrum Znojmo,48.851703,16.060986
500009,hi Hněvice,50.449562,14.363519
500017,hi Chvatěruby,50.238895,14.338276
500025,"hi vl. v km 11,455",50.928618,15.195686
500033,Otovice st.hr.,50.551532,16.410443
500041,hi Opatovice n.L.,50.152861,15.782036
500058,hi Světec A,50.580075,13.803331
500066,hi Třebušice,50.521985,13.575844
500074,"hi vl. v km 10,361",50.382274,16.039383
500082,"hi vl. v km 11,710",50.928942,15.198486
500090,hi Ostašov,50.763032,15.016129
500108,V04440 HI,49.901953,15.649703
500116,"hi vl. v km 2,291",50.746989,15.062734
500124,hi Čížkovice,50.489401,14.035418
500132,"hi vl. v km 3,370",50.011055,16.197156
500140,"hi vl. v km 30,358",50.401338,13.264015
500157,"hi vl. v km 34,855",50.663845,13.821146
500165,V03244 HI,50.657856,14.076713
500173,"hi vl. v km 5,529",50.347124,13.751704
500181,"hi vl. v km 522,240",50.674999,14.110514
500199,"hi vl. v km 6,760",49.963684,16.144061
500207,"hi vl. v km 90,205",50.025548,15.750461
500215,hi Č.Kamenice St.3,50.79931,14.436918
500223,hi Trutnov hl.n.,50.568157,15.905083
500231,hi St.Místo u Jičína,50.404515,15.353754
500256,hi Světec B,50.578891,13.797154
500306,hi Praha jih vjezd,50.062252,14.455198
500314,hi Praha jih odjezd,50.065358,14.47233
500512,"hi vl. v km 1,980",50.499957,14.037222
502906,Královec st.hr.,50.686219,15.984702
503995,Vejprty st.hr.,50.505054,13.031577
504407,Lichkov st.hr.,50.098496,16.691156
504993,Rumburk st.hr.,50.997439,14.57978
505040,hi Česká Kamenice,50.796122,14.417703
505297,D.Poustevna st.hr.,50.981098,14.279092
505321,Hrádek n.N. st.hr.,50.869197,14.84004
506725,Višňová st.hr.,51.012244,15.037952
507095,Varnsdorf st.hr.,50.902571,14.644487
507194,Děčín st.hr.,50.859461,14.222233
507202,Meziměstí st.hr.,50.636335,16.220376
509125,Zittau,50.902865,14.803756
509216,Harrachov st.hr.,50.778456,15.396339
510164,"Hostivice,Hus.nám.",50.081634,14.250821
510313,Velké Popovice,49.925447,14.629474
510560,Dobrovíz (z.ČSAD),50.112018,14.217842
510669,"Dobrovíz, obec. úř.",50.110889,14.213173
510768,Hostouň u Pr.(u hř.),50.103494,14.198007
510867,"Hostouň u Prahy,obec",50.106593,14.199769
510917,"Mšeno, nám.",50.437724,14.632079
511105,Prasklice (z.ČSAD),49.278301,17.185556
512061,Pha letiště/Airport,50.108039,14.269189
512293,Velemín,50.544595,13.985958
512392,"Velemín, Dobkovičky",50.548973,13.995012
516369,Jeneč zast.(Zah.ul.),50.091724,14.207299
516377,"Jeneč, Karlovar.ul.",50.087424,14.220563
520148,Kolín Labe,50.028283,15.214268
520387,Mělník Labe,50.35898,14.469764
521898,Ústí n.L.-Mar.skála,50.660037,14.071504
522094,V03244 Olšinky dřevo,50.661897,14.085724
522292,Ústí n.L.-Větruše,50.632252,14.049246
522565,Praha-Holešovice Vl.,50.101331,14.455873
526699,Děčín-Loubí,50.787122,14.225126
527754,Odb Sudoměřice,49.510267,14.663323
528596,Lovosice Prosmyky 1,50.51277,14.091292
530063,P.-Běchovice střed z,50.083523,14.614573
530105,Hr.Králové o.zóna z,50.190627,15.801799
530113,Dobšice nad Cidlinou,50.140101,15.263655
530147,Všetaty,50.282558,14.584707
530162,Praha-Běchovice,50.082234,14.598245
530188,Mělník,50.352977,14.492428
530204,Lípa nad Orlicí z,50.141723,16.101776
530212,Sány z,50.13011,15.241088
530246,Dřísy,50.242782,14.634282
530261,Praha-Žvahov,50.045649,14.402396
530287,Malý Újezd z,50.333101,14.52621
530303,Převýšov,50.152656,15.407364
530345,Ovčáry z,50.253578,14.614511
530360,Praha-D.Počernice z,50.08845,14.56852
530402,Choťovice,50.146016,15.329104
530410,hr.VUSC 0200/0520 04,50.144679,15.348525
530444,Stará Boleslav,50.209701,14.692462
530469,Úvaly,50.075085,14.722456
530477,hr.VUSC 0100/0200 04,50.08252,14.705019
530485,Mělník-Mlazice z,50.375217,14.467734
530501,Chlumec nad Cidlinou,50.163565,15.457283
530519,"Km 2,800",50.163822,15.424174
530543,Otradovice z,50.206038,14.745397
530568,Praha-Klánovice z,50.087057,14.663021
530584,Liběchov,50.414386,14.435746
530600,Nové Město n. Cidl.,50.150222,15.502185
530667,Český Brod,50.076706,14.867044
530683,hr.VUSC 0200/0420 06,50.422714,14.417577
530691,Štětí,50.456531,14.393912
530709,Káranice,50.155128,15.561326
530766,Tuklaty z,50.076964,14.77027
530790,Hoštka,50.491513,14.327582
530808,Dobřenice,50.159697,15.656852
530865,Rostoklaty z,50.078629,14.806061
530899,Polepy,50.510987,14.267529
530907,AHr Kratonohy z,50.157545,15.610816
530964,Poříčany,50.111248,14.922794
530972,hr.DU 151202/151210,50.118708,14.946331
530998,Litoměřice dolní n.,50.532107,14.154681
531004,Lhota pod Libčany z,50.166699,15.696162
531061,Klučov z,50.093758,14.903648
531095,Křešice u Litoměř. z,50.526078,14.21465
531103,Praskačka,50.175199,15.731474
531145,Lysá nad Labem,50.195641,14.841838
531160,Pečky,50.089788,15.02718
531178,Odb Káraný,50.184034,14.777425
531186,"km 2,500 = 1,618",50.080532,15.017358
531194,Litoměřice město z,50.532571,14.139038
531202,Hradec Králové hl.n.,50.214593,15.810363
531210,"vl. v km 29,350",50.223072,15.819749
531244,Lysá n.L.-Dvorce z,50.200213,14.801452
531269,Tatce z,50.099069,14.986261
531277,Odb Tatce,50.100661,14.979235
531293,Velké Žernoseky,50.526159,14.080471
531301,Hr.Králové-Kukleny z,50.202036,15.798121
531343,Kostomlaty nad Labem,50.185922,14.962032
531368,Radim z,50.073325,15.007343
531392,Libochovany z,50.564226,14.040829
531400,Hr.Králové-Sl.Př.,50.221836,15.859563
531442,Stratov z,50.187416,14.907712
531467,Chotutice z,50.071527,14.99656
531491,Sebuzín,50.59293,14.053388
531509,Hr.Králové zast. z,50.222399,15.841436
531541,Ostrá z,50.187873,14.890728
531566,Velim,50.067841,15.123708
531590,Ústí nad Labem západ,50.658149,14.029697
531608,Třebechovice p.Or.,50.200007,15.982306
531665,Cerhenice z,50.078115,15.07857
531673,Odb Cerhenice,50.079765,15.071286
531699,Ústí záp.kol.57,50.647675,13.990656
531707,Hl Blešno z,50.214704,15.935986
531764,Nová Ves u Kolína z,50.055001,15.150711
531798,Ústí n.L.hl.n.os.n.,50.65915,14.044078
531806,Týniště nad Orlicí,50.154167,16.074888
531814,"vl. v km 22,265",50.144354,16.077331
531863,Karlštejn,49.931906,14.174259
531889,Odb Lom,49.943264,14.129357
531905,Hl Petrovice n.Orl.z,50.173789,16.045957
531962,Srbsko z,49.936248,14.131159
531988,"vl. v km 522,240",50.675224,14.110798
531996,Ústí n.L.hl.n.sever,50.66426,14.080619
532002,Častolovice,50.128485,16.174168
532044,Nymburk depo,50.189031,15.063359
532051,Ústí n.L.-Olšinky z,50.659055,14.081712
532069,Zadní Třebaň,49.918781,14.203317
532077,Ústí n.L-St.zast. z,50.655119,14.050235
532085,V03244,50.657839,14.076056
532093,Ústí n.L.-Střekov,50.650008,14.0486
532101,Čestice z,50.130409,16.146839
532143,Nymburk hl.n.,50.193374,15.045512
532168,Řevnice,49.916541,14.239253
532200,Častolovice zast. z,50.127874,16.191225
532218,Pha-Rajská zahrada z,50.107697,14.560164
532226,hr.DU 188402/188404,49.859477,16.476113
532242,Kamenné Zboží z,50.188936,15.003059
532267,Dobřichovice,49.927575,14.288379
532309,AHr Synkov z,50.139369,16.218646
532341,Poděbrady,50.149641,15.123755
532366,Všenory z,49.932602,14.304526
532390,Trmice,50.647452,13.987103
532408,Kostelec nad Orlicí,50.116543,16.22409
532440,Velké Zboží z,50.165044,15.100233
532465,Černošice-Mokropsy z,49.946434,14.330514
532499,Koštov z,50.633194,13.987809
532507,Kostelec n.Orl. m. z,50.120061,16.204355
532549,Libice nad Cidlinou,50.127791,15.182852
532564,Praha-Radotín,49.985995,14.364337
532572,hr.VUSC 0100/0200 07,49.971034,14.332127
532606,Doudleby nad Orlicí,50.109468,16.258116
532663,Černošice z,49.959756,14.323475
532697,Chabařovice,50.680301,13.921525
532705,Záměl z,50.100193,16.297405
532796,Bohosudov,50.672359,13.878701
532804,Potštejn,50.083883,16.315144
532812,hr.VUSC 0520/0530 01,50.070637,16.336162
532879,Trnovany nz,50.319322,13.597189
532887,AHr Sobědruhy,50.665486,13.846462
532895,Teplice v Čechách,50.646531,13.829342
532903,Sopotnice z,50.070626,16.340913
532978,Dobříčany z,50.306131,13.592893
532994,Proboštov z,50.660955,13.838002
533000,Litice nad Orlicí,50.087268,16.358079
533075,Veletice z,50.296771,13.572494
533091,Řetenice,50.642489,13.800875
533109,Bohousová z,50.09129,16.380213
533141,Velký Osek,50.101881,15.193464
533174,Sádek u Žatce z,50.253774,13.572316
533190,Oldřichov u Duchcova,50.639933,13.765102
533208,Žamberk,50.073779,16.450085
533216,AHr Rychnovek náv.So,50.360715,15.965118
533240,Veltruby z,50.073583,15.199999
533273,Holedeček z,50.285283,13.558902
533299,Duchcov nákl. n.,50.598688,13.754306
533307,Letohrad,50.031348,16.508168
533372,Měcholupy,50.266367,13.531234
533398,Duchcov z,50.61737,13.755146
533406,Lukavice v Čechách z,50.049027,16.484777
533471,Želeč z,50.241842,13.557231
533497,Želénky z,50.601471,13.771586
533505,AHr Verměřovice z,50.011497,16.557703
533562,Milostín z,50.202496,13.667729
533570,"Km 73,500",50.212815,13.650758
533596,Chotějovice z,50.57557,13.784594
533604,Dolní Dobrouč z,50.012596,16.474364
533661,hr.VUSC 0200/0420 03,50.215341,13.637035
533679,Deštnice z,50.225766,13.60607
533703,Hnátnice z,50.001441,16.461137
533760,Krupá,50.169715,13.723022
533794,Most nové n. příjezd,50.543533,13.618853
533802,Lanšperk,49.992286,16.446712
533869,Mutějovice zast. z,50.187459,13.702616
533893,MUS ÚU Herkules,50.555818,13.594579
533901,Dolní Libchavy z,49.989326,16.397801
533968,Kolešovice nz,50.135682,13.60351
533992,Most,50.511505,13.658014
534008,Jablonné nad Orlicí,50.025606,16.593746
534040,Hluboký Důl z,50.00245,15.218694
534065,Přílepy z,50.139955,13.634302
534099,Třebušice,50.525304,13.585075
534107,Jamné nad Orlicí z,50.039715,16.602588
534123,hr.DU 060202/060212,50.528741,13.618825
534131,Kolín seř. kol.č.38a,50.011469,15.239278
534149,Kolín,50.025832,15.212705
534164,Kněževes nz,50.14224,13.640666
534180,Kolín vjezd.náv.L,50.008937,15.247227
534206,Těchonín,50.0686,16.607813
534248,Kolín zastávka z,50.030998,15.194517
534263,Chrášťany zastávka z,50.148453,13.670828
534305,Lichkov,50.097408,16.659223
534313,"Km 113,243",50.098461,16.691092
534347,Kolín-Zálabí z,50.03731,15.210066
534354,Kolín výh.č.201-207,50.034511,15.21117
534362,Olešná u Rakovníka z,50.149382,13.695517
534404,Černovír z,49.987063,16.427471
534446,Kolín místní nádr. z,50.015276,15.223003
534503,Mladkov z,50.092487,16.629522
534537,hr.VUSC 0200/0530 02,50.040404,15.364506
534545,Záboří nad Labem,50.030472,15.348242
534560,Lužná u Rakovníka,50.144928,13.770291
534578,"vl. v km 4,700",50.118724,13.738688
534586,Keramické závody,50.108772,13.752546
534594,Výh Kyjice,50.510188,13.485316
534602,Dolní Lipka,50.089416,16.721093
534644,Starý Kolín z,50.011062,15.296436
534669,Rakovník zastávka z,50.105699,13.74974
534701,Prostřední Lipka z,50.099139,16.753446
534727,Chomutov prům.kolej,50.449516,13.392419
534743,Týnec nad Labem z,50.037914,15.360034
534768,Řevničov,50.149096,13.832918
534800,Červený Potok nz,50.104658,16.784112
534818,hr.VUSC 0530/0710 04,50.106163,16.806211
534834,Řečany nad Labem,50.031672,15.478003
534842,Kolín dílny z,50.011341,15.234395
534867,Nové Strašecí,50.152021,13.881846
534891,Chomutov,50.456766,13.39954
534909,Králíky zastávka z,50.086738,16.748555
534933,Kojice z,50.040374,15.398282
534966,Stochov,50.1412,13.965527
534990,Černovice u Chom.,50.454323,13.363401
535005,Králíky,50.080532,16.756149
535013,"vl.v km 2,309",50.086196,16.751928
535039,Chvaletice z,50.037539,15.417916
535062,AHr Rynholec z,50.138652,13.926065
535096,Odb Chomutov město,50.468137,13.411092
535104,Dolní Orlice z,50.065705,16.747419
535138,Přelouč,50.039534,15.57485
535146,"vl.v km 313,090",50.032331,15.654721
535161,Kladno,50.127827,14.113871
535195,Klášterec nad Ohří,50.385064,13.196117
535203,Červená Voda,50.046963,16.746516
535237,Lhota pod Přeloučí z,50.03653,15.526665
535252,Č.Voda-Pod rozhl. z,50.036649,16.746018
535260,Kamenné Žehrovice,50.140277,14.03798
535294,Málkov z,50.441721,13.330749
535302,Moravský Karlov nz,50.026066,16.753001
535336,Valy u Přelouče z,50.032091,15.613737
535369,AHr Kačice z,50.156453,13.995337
535393,Vernéřov,0,0
535401,Bílá Voda z,50.017144,16.747649
535468,Kladno-Rozdělov z,50.131745,14.06699
535476,"vl. v km 30,358",50.398962,13.259209
535484,hr.DU 011206/011208,50.393185,13.234951
535492,Kadaň-Prunéřov,50.411362,13.258345
535500,Mlýnický Dvůr z,50.00381,16.748041
535567,Kladno město,50.140845,14.085182
535591,Hradec u Kadaně z,50.35919,13.307847
535609,Heroltice z,49.989598,16.753269
535666,Kladno-Dubí,50.163416,14.129862
535690,Kadaň předměstí,50.376747,13.276789
535708,Štíty,49.970292,16.754672
535716,hr.VUSC 0530/0710 01,49.996024,16.75159
535765,Kladno-Vrapice z,50.166276,14.153862
535799,Poláky,50.336398,13.349901
535807,Podlesí nz,50.090705,16.849434
535898,Želina,50.363308,13.285598
535906,Vlaské z,50.087523,16.900346
535997,Vilémov u Kadaně,50.308098,13.332012
536003,"Podlesí km 79,170",50.086719,16.830879
536060,Kladno-Švermov z,50.161468,14.11482
536094,Chotěbudice z,50.267967,13.349262
536102,Broumov,50.580805,16.339524
536136,Pardubice hl.n.,50.031682,15.756512
536144,Pardubice hl.n.kol28,50.031465,15.777344
536151,RDP Pardubice,50.032343,15.751896
536169,Kladno-Ostrovec,50.147281,14.085537
536193,Krásný Dvůr,50.255673,13.368231
536235,Pardubice-Opočínek z,50.030411,15.669839
536268,Unhošť,50.105233,14.13606
536292,Pětipsy z,50.319392,13.345216
536300,Otovice zastávka z,50.559816,16.388283
536334,Pardubice-Svítkov z,50.031868,15.722665
536367,Jeneč,50.094329,14.211543
536391,Vilémov u Kad.m. z,50.304109,13.311197
536409,Otovice z,50.56127,16.371631
536433,Pardubice-Pardub. z,50.03122,15.788241
536441,Pardubice centrum,50.031537,15.772742
536466,AHr Pavlov z,50.095046,14.165554
536490,Vitčice z,50.283566,13.338273
536508,Broumov-Olivětín z,50.607838,16.328237
536516,"vl. v km 6,838",50.60791,16.328145
536524,"vl. v km 7,034",50.606566,16.329941
536532,Kostěnice,50.013068,15.896586
536565,Hostivice,50.084132,14.258448
536599,Vysoké Třebušice z,50.26042,13.391629
536615,Vl. VEBA Broumov,50.606889,16.329397
536631,Pardubice-Č.za B. z,50.027453,15.830402
536664,Hostivice-Litovice z,50.071672,14.224541
536698,Radonice u Kadaně z,50.298073,13.277281
536730,Moravany,50.002269,15.946124
536763,Hostivice-Sadová z,50.075132,14.266734
536771,Chlumčany u Loun,50.344391,13.845561
536789,hr.VUSC 0410/0420 03,50.283306,13.215343
536797,Kadaňský Rohozec,50.283631,13.225744
536805,Doupov,50.263321,13.136972
536813,Oleška nz,50.275551,13.146419
536821,Hluboká Žďár nz,50.280544,13.165642
536839,Uhersko,49.9876,16.013441
536847,Žebletín z,50.281746,13.182979
536854,Kyselka-Obrovice z,50.281676,13.203024
536862,Hostiv.-U hřbitova z,50.083753,14.230426
536870,Cítoliby z,50.332938,13.828321
536896,Ždov z,50.290156,13.239128
536938,Zámrsk,49.99498,16.108922
536979,Vrbno nad Lesy,50.327272,13.905948
536995,Most-Kopisty z,50.543469,13.621938
537035,Sedlíšťka z,49.990123,16.064893
537076,Peruc,50.335934,13.95882
537084,hr.VUSC 0200/0420 08,50.308804,13.989552
537092,Litvínov město z,50.591354,13.613976
537100,Meziměstí,50.62662,16.242064
537118,Meziměstí výh.201,50.623102,16.248805
537126,Meziměstí k.203,50.625243,16.25034
537134,Dobříkov u Chocně z,49.995867,16.135746
537175,Telce z,50.311906,13.971681
537183,Droužkovice,50.426778,13.423967
537191,Březno u Chomutova,50.395879,13.421028
537209,Březno u Ch. kol.DNT,50.39305,13.428418
537266,Klobuky v Čechách,50.298282,13.996595
537290,Libočany z,50.330341,13.515442
537308,Hynčice z,50.624283,16.288727
537365,Vrbičany z,50.309653,14.000683
537399,Holetice z,50.385509,13.452852
537407,Ruprechtice z,50.624776,16.268695
537464,Páleček z,50.290976,14.029841
537498,Hořetice,50.379006,13.503728
537506,Březová u Broumova z,50.604954,16.233815
537563,Zlonice,50.284928,14.078166
537571,"vl. v km 31,894",50.283238,14.088154
537597,Denětice z,50.381728,13.479545
537605,Bohdašín z,50.5971,16.211307
537662,Zlonice zastávka z,50.282488,14.093325
537696,Žiželice z,50.364441,13.542086
537704,Teplice nad Metují,50.581417,16.178389
537712,"Km 85,867",50.599472,16.215091
537720,"Km 85,300",50.595916,16.209358
537761,Tmáň z,50.285577,14.123712
537795,Žatec,50.336566,13.555266
537803,Česká Metuje nz,50.552725,16.184966
537860,Kmetiněves z,50.305447,14.161235
537878,"vl. v km 0,690",50.343878,13.548803
537886,Vlečka Prefa,50.341184,13.547552
537894,Žatec západ,50.338105,13.534946
537902,Dědov z,50.561978,16.18789
537969,Černuc z,50.311398,14.203165
537993,Kadaň,50.381939,13.277042
538009,Police nad Metují,50.51313,16.211914
538066,Slaný,50.228551,14.0757
538074,"vl. v km 53,437",50.224951,14.084464
538090,Žabokliky,50.329949,13.46473
538108,Žďár nad Metují z,50.537111,16.20468
538132,Choceň,49.993859,16.223621
538165,Královice u Zlonic z,50.25975,14.067904
538199,Křimov,50.489761,13.275924
538207,Hronov,50.472278,16.177191
538231,Sruby z,49.989675,16.171983
538264,Slaný předměstí nz,50.226255,14.102196
538298,Domina z,50.479429,13.351635
538306,Hronov zast. z,50.490519,16.18658
538330,Dvořisko z,49.984173,16.191876
538363,Podlešín,50.218244,14.155556
538405,Náchod,50.417513,16.172396
538421,Brandýs n.O.předj.k.,50.002128,16.276613
538439,Brandýs nad Orlicí z,49.999581,16.285602
538462,Zvoleněves,50.230609,14.183827
538496,Křimov-Suchdol z,50.490148,13.325119
538504,Náchod-Malé Poříčí z,50.441235,16.192718
538512,Velké Poříčí z,50.463649,16.181888
538520,Odb Bezpráví,49.988191,16.334491
538538,Bezpráví z,49.997612,16.332296
538561,K.Most u Kral.n.V. z,50.239291,14.205891
538595,Křimov zastávka z,50.487677,13.295336
538603,Náchod-Běloves,50.423159,16.187066
538637,Ústí nad Orlicí,49.971251,16.376854
538694,Nová Ves u Křimova z,50.495585,13.264346
538702,Náchod zastávka z,50.408221,16.151573
538736,Ústí n.Orl.město z,49.968585,16.39529
538793,Výsluní z,50.481025,13.211081
538801,Václavice,50.393278,16.122784
538827,"Km 56,600",50.407439,16.130156
538892,Rusová z,50.450211,13.168619
538900,Nové Město n. Metují,50.354148,16.137455
538991,Kovářská,50.430024,13.035065
539007,Vrchoviny,50.371108,16.139861
539098,České Hamry z,50.438431,13.020458
539106,Bohuslavice n. Met.,50.328246,16.095776
539130,Česká Třebová,49.896831,16.447115
539148,"Č.Třebová náv. OS,2S",49.902796,16.438244
539155,Č.Třebová náv. NS,49.902918,16.438082
539163,Č.Třebová kol.95-95c,49.873221,16.462603
539171,"Č.Třebová kol.96,96a",49.877915,16.466687
539189,4. TK odjezdová,49.910986,16.436211
539197,Kovářská městys z,50.440154,13.069681
539205,Černčice z,50.334364,16.105484
539213,4. TK zádulská,49.862584,16.476714
539221,3. TK třebovická,49.855054,16.473702
539239,Dlouhá Třebová,49.936371,16.422293
539262,Olovnice,50.232627,14.244841
539296,Měděnec z,50.428534,13.129875
539304,Opočno pod Orl.h.,50.27848,16.085808
539338,Třebovice v Čechách,49.858234,16.49725
539361,Neuměřice z,50.240572,14.217918
539395,Měděnec zastávka z,50.42729,13.107632
539403,Bohuslav.n.M.zast. z,50.312475,16.079864
539437,Rudoltice v Čechách,49.892649,16.571976
539460,Kralupy n.Vlt.předm.,50.231862,14.283521
539494,Vejprty,50.500558,13.03355
539502,Pohoří z,50.291931,16.078481
539536,Žichlínek z,49.860271,16.65527
539569,Zeměchy z,50.233324,14.266738
539593,Vejprty koupaliště z,50.483501,13.033968
539627,"Krasíkov kol. 1a, 2a",49.8504,16.697751
539635,Krasíkov z,49.84945,16.693549
539692,Vejprty zastávka z,50.466421,13.022277
539726,Krasíkov předj.k.,49.848858,16.686042
539734,Tatenice z,49.859219,16.709958
539767,Koleč z,50.19667,14.218152
539825,Hoštejn předj.k.,49.873188,16.783488
539833,Hoštejn z,49.872911,16.77384
539841,hr.VUSC 0530/0710 03,49.872386,16.765581
539866,Želenice u Slaného z,50.207462,14.192004
539932,Lupěné z,49.868107,16.841929
539965,Zákolany zastávka z,50.196982,14.25019
539973,"Km 38,700",50.195578,14.252713
540039,Luková u Rud. v Č. z,49.88025,16.603994
540047,Třebešice z,49.931676,15.341183
540062,Noutonice,50.160002,14.277892
540070,"vl. v km 29,620",50.139743,14.274849
540096,Jirkov nz,50.492305,13.44884
540104,Dobruška nz,50.289405,16.152183
540146,Kutná Hora hl.n.,49.961484,15.301464
540153,K.Hora hl.n.náv.L11a,49.959223,15.304106
540161,Kováry z,50.181872,14.247365
540195,Jirkov zastávka z,50.485464,13.447559
540203,Dobruška-Pulice z,50.284454,16.121355
540245,Hlízov z,49.981301,15.294219
540260,Středokluky,50.124488,14.254548
540302,Bolehošť,50.215052,16.065016
540344,Církvice z,49.941795,15.329583
540369,Tuchoměřice z,50.136322,14.268283
540401,Očelice z,50.243293,16.063264
540443,Čáslav,49.915354,15.394614
540468,Praha-Zličín,50.064172,14.297773
540476,hr.VUSC 0100/0200 09,50.073227,14.280636
540500,Borohrádek,50.097358,16.085465
540518,hr.VUSC 0520/0530 03,50.087547,16.074121
540526,"vl.v km 14,964",50.089998,16.100339
540542,Horky u Čáslavi z,49.872538,15.443043
540559,Čáslav nákl. obvod,49.917696,15.394456
540567,Dobrovíz z,50.110771,14.220154
540575,Straškov,50.361819,14.242274
540583,hr.VUSC 0200/0420 05,50.352022,14.366056
540591,hr.VUSC 0200/0420 09,50.339203,14.221168
540609,Žďár nad Orlicí z,50.120312,16.066783
540617,Dobrovíz-Amazon z,50.107391,14.213898
540625,AHr Horní Žďár,50.125901,16.064777
540641,Bratčice z,49.857437,15.452164
540666,Jeneč zastávka z,50.094628,14.213327
540674,Loucká z,50.330452,14.219562
540708,Čermná nad Orlicí,50.064807,16.135836
540716,hr.VUSC 0520/0530 02,50.06295,16.139313
540732,Hoštka město z,0,0
540740,Vrdy-Koudelov z,49.914732,15.430322
540765,Hostouň u Prahy z,50.104871,14.209259
540807,Újezd u Chocně,50.031746,16.179096
540815,"vl. v km 3,370",50.011306,16.19684
540831,Golčův Jeníkov,49.836626,15.468041
540849,hr.VUSC 0200/0630 03,49.843057,15.467106
540856,"vl. v km 57,213",50.58723,13.580359
540864,Horní Jiřetín n,50.572702,13.550766
540872,Bříza z,50.354115,14.223907
540898,Litvínov,50.593002,13.61036
540906,Plchůvky z,50.038858,16.16204
540930,Golčův Jeníkov m. z,49.821537,15.472481
540971,Vražkov z,50.367558,14.264039
540997,Most-Minerva z,50.564228,13.623466
541003,Solnice,50.20326,16.254294
541011,Lipovka,50.184032,16.26462
541037,Nová Ves u Leštiny z,49.783598,15.404085
541045,Vlkaneč,49.803902,15.404929
541052,Solnice zastávka,50.199577,16.256553
541060,hr.VUSC 0200/0630 02,49.811011,15.431121
541078,Mnetěš z,50.359919,14.275986
541094,Lom u Mostu z,50.593183,13.661079
541102,Rychnov nad Kněžnou,50.157866,16.273769
541136,Leština u Světlé,49.76133,15.398687
541144,hr.VUSC 0200/0630 01,49.79561,15.398977
541177,Bříza obec z,50.363534,14.218332
541193,Osek,50.613667,13.708151
541201,Rychnov n.Kn.zast. z,50.166508,16.270899
541219,Vlečka Kronospan,50.623883,13.730938
541235,Sázavka z,49.729543,15.398955
541276,Roud.-Hracholusky z,50.416954,14.253189
541292,Háj u Duchcova z,50.619449,13.725387
541300,Slemeno z,50.146835,16.24156
541318,Výh Tutleky,50.143243,16.231808
541326,Odb Vrskmaň,50.488224,13.452027
541334,Světlá nad Sázavou,49.670286,15.417914
541342,"Km 46,700",49.669512,15.403058
541359,"vl.v km 43,327",49.656385,15.368698
541367,Pha-Bubny Vltavská z,50.099697,14.439409
541375,Roudnice n.L.město z,50.421642,14.258677
541409,Rokytnice v Orl.h.,50.161613,16.465202
541433,Pohleď z,49.651073,15.456189
541474,Kleneč z,50.394252,14.246847
541490,Louka u Litvínova,50.593112,13.63133
541508,Pěčín z,50.160848,16.419338
541516,Liběchov z,0,0
541524,Liberec-H.Hanychov,50.751976,15.034193
541532,Světlá n.Sáz.-Jos. z,49.690256,15.424049
541573,Mšené Lázně z,50.361749,14.133063
541599,Lom u Mostu zast. z,50.597015,13.649341
541607,Vamberk,50.118002,16.282909
541623,Ještěd,50.749105,15.030561
541631,Mrzkovice z,49.657168,15.373706
541672,Charvatce z,50.359302,14.148922
541698,Osek město,50.625887,13.684963
541706,Slatina nad Zdobnicí,50.136832,16.377673
541722,Liberec dolní n.,50.757076,15.054976
541730,Dolní Březinka z,49.661459,15.380385
541771,Martiněves u Lib. z,50.379583,14.141486
541797,Horní Háj z,50.639832,13.703802
541805,Rybná nad Zdobnicí z,50.127464,16.343156
541821,Liberec výh. 451,50.746814,15.050284
541839,Světlá n.Sáz.město z,49.669192,15.401469
541870,Vrbka z,50.389711,14.140512
541896,Hrob,50.660063,13.722079
541904,Peklo nad Zdobnicí z,50.12206,16.305594
541920,Liberec výh. 453,50.747962,15.055581
541938,Okrouhlice,49.630679,15.487359
541979,Budyně nad Ohří,50.405083,14.134299
541995,Střelná v Kruš.h. z,50.670353,13.740242
542019,vl. Mondi pila,50.465448,14.377728
542027,Liberec ÚTD St. 1,50.745568,15.048075
542035,Havl.Brod-Perknov z,49.614482,15.539088
542076,Břežany nad Ohří z,50.412588,14.115669
542092,Dubí,50.697532,13.762196
542126,Liberec,50.761359,15.046324
542134,Havlíčkův Brod,49.597924,15.588897
542142,"vl. v km 0,925",49.601255,15.57624
542159,RDP Havlíčkův Brod,49.598413,15.588119
542175,Žabovřesky n.Ohří z,50.415691,14.086234
542191,Mikulov v Kruš.h. z,50.693554,13.723733
542225,Liberec-Rochlice z,50.747278,15.061628
542233,Petrkov z,49.576334,15.552882
542258,Luštěnice z,50.321433,14.944469
542274,Horní Beřkovice z,50.357327,14.355291
542290,Moldava v Kruš.h.,50.717811,13.691474
542324,Rychnov u Jabl.n.N.,50.683866,15.143924
542332,Lípa,49.556352,15.538407
542373,Ctiněves z,50.378379,14.306418
542399,Mikulov-Nové Město z,50.702323,13.702148
542423,Rádlo z,50.694316,15.108416
542431,Břevnice z,49.631916,15.616117
542472,Kostomlaty p.Řípem z,50.380428,14.330153
542522,Jeřmanice,50.707382,15.086513
542530,Pohledští Dvořáci z,49.61004,15.614246
542548,RDP Liberec,50.761365,15.045593
542563,"vl. v km 1,459",50.428964,14.283458
542571,Roudnice nad Labem,50.426449,14.265184
542589,"Km 4,260",50.421961,14.259276
542621,AHr Pilínkov z,50.727251,15.035452
542639,Mírovka z,49.579501,15.617614
542670,Dobříň z,50.437237,14.296424
542720,Hodkovice n.Mohelkou,50.667257,15.100773
542738,Dolík z,49.586091,15.564286
542779,Roud.n.L-Bezděkov z,50.428631,14.282042
542829,Sychrov,50.629352,15.078351
542878,Hněvice,50.453046,14.361433
542886,hr.VUSC 0200/0420 04,50.434052,14.37199
542894,Hněvice čekací kolej,50.43881,14.369484
542902,Vlečka Mondi Štětí,50.469629,14.378116
542910,hr.VUSC 0200/0420 07,50.433967,14.372168
542928,Sedlejovice z,50.636634,15.099089
542977,Záluží z,50.456822,14.325532
543009,Turnov,50.587176,15.138454
543066,Dolní Beřkovice,50.388806,14.436542
543090,Jílové u Děčína nz,50.759719,14.105453
543124,AHr Doubí u Turn. z,50.607924,15.101877
543132,Opatov,49.814755,16.486269
543165,Horní Počaply z,50.422609,14.386651
543181,Jeníkov-Oldřichov,50.636262,13.755516
543199,Děčín-Bynov z,50.779898,14.153775
543215,Loukov u Mnich.Hrad.,50.558709,15.056521
543223,hr.VUSC 0200/0510 02,50.571317,15.062242
543231,Semanín z,49.84808,16.474219
543264,Vraňany,50.335078,14.371493
543298,Děčín-Oldřichov z,50.779049,14.171141
543322,Příšovice,50.579093,15.078718
543330,Svitavy,49.760076,16.479852
543348,"vl. v km 2,567",49.763418,16.453157
543363,Cítov z,50.366118,14.418357
543397,Martiněves u Děč. z,50.770316,14.123695
543413,Březina n.Jizerou z,50.545628,15.036166
543439,Opatovec z,49.793633,16.487269
543462,Lužec nad Vltavou,50.322508,14.402708
543470,"vl. v km 2,196",50.327448,14.394917
543488,"vl. v km 1,710",50.330432,14.390521
543496,Libouchec nz,50.756033,14.045829
543512,Mnichovo Hradiště,50.518336,14.978161
543538,Svitavy zast. z,49.763511,16.455414
543561,Mlčechvosty z,50.319507,14.348198
543595,Kamenec z,50.755964,14.069841
543611,Bakov nad Jizerou,50.472188,14.922851
543660,Nelahozeves,50.283559,14.308772
543694,Modrá u Děčína z,50.758186,14.082079
543710,Bakov n.Jiz. město z,50.478977,14.939193
543769,Nové Ouholice z,50.301997,14.316747
543793,Malé Chvojno nz,50.738967,14.023551
543868,Nelahozeves zámek z,50.263221,14.30255
543892,Telnice,50.726934,13.964722
543967,Kralupy nad Vltavou,50.238409,14.313976
543991,Chlumec u Chabař. nz,50.703684,13.926434
544064,Chvatěruby,50.23989,14.337682
544072,"Km 5,300",50.250207,14.352659
544098,Unčín z,50.690941,13.897173
544114,Buda z,50.478816,14.986634
544148,Milovice,50.228751,14.881356
544163,Chvatěruby výh. K1,50.238666,14.338451
544197,Krupka,50.678483,13.850672
544213,Kněžmost nz,50.472639,15.016583
544247,Veleliby,50.214647,15.023461
544262,Zlonín z,50.215002,14.507391
544270,Krupka-Bohosudov z,50.672339,13.874998
544288,Bohosudov výh. 12-15,50.671948,13.872592
544296,Bohosudov zastávka z,50.686362,13.874072
544312,Lítkovice z,50.462816,15.045843
544361,Libčice nad Vltavou,50.199163,14.365199
544395,Krupka město,50.682398,13.86104
544411,Mladá Boleslav-Debř,50.448055,14.887345
544429,M.Boleslav m. předn.,50.414234,14.932474
544437,AHr Dalešice,50.459604,14.902936
544445,AHr Podlázky,50.430528,14.891549
544460,Dolany nad Vltavou z,50.224689,14.348457
544494,Novosedlice z,50.658601,13.820252
544510,Mladá Boleslav hl.n.,50.407339,14.887204
544569,Libčice n.V.-Letky z,50.189518,14.372713
544593,Teplice lesní brána,50.651051,13.807086
544601,Vlečka Rudolfova huť,50.654004,13.80957
544619,Vlečka OBAS,50.658281,13.809846
544627,Vlečka Dukla,50.651618,13.781128
544635,"vl. v km 34,855",50.663548,13.821117
544650,hr.VUSC 0100/0200 01,50.142353,14.396001
544668,Roztoky u Prahy,50.159662,14.398418
544692,"vl. v km 0,344",50.654008,13.809564
544718,Krnsko z,50.376598,14.869149
544767,Řež z,50.179171,14.355302
544817,Chotětov,50.339566,14.810273
544825,"Km 62,900",50.356032,14.827806
544866,Úholičky z,50.17007,14.351876
544965,Roztoky-Žalov z,50.168075,14.365104
545061,Praha-Sedlec z,50.13187,14.394584
545087,hi Obrnice AŽD,50.499629,13.701678
545095,Obrnice,50.504453,13.700086
545111,AHr Kojovice z,50.307384,14.656819
545137,Přelouč nákl. n.,50.035338,15.590784
545145,Sadská,50.13132,14.987389
545160,Otvovice,50.210202,14.270118
545194,Chomutov-Písečná z,50.485965,13.444301
545210,Zdětín u Chotětova z,50.315247,14.785779
545236,"km 233,500-0,008",50.507797,13.69342
545244,AHr Třebestovice n,50.124154,14.958158
545269,AHr Kralupy-Minice z,50.224442,14.297912
545319,Kropáčova Vrutice,50.323548,14.701294
545327,Varnsd.-piv.Kocour z,50.918539,14.604301
545368,Zákolany z,50.199734,14.251649
545392,Skršín z,50.462061,13.74673
545418,Košátky z,50.316758,14.669988
545467,Brandýsek,50.184222,14.1729
545491,Želenice n.Bílinou z,50.525178,13.724992
545517,Byšice,50.305726,14.603972
545525,Nymburk město výh.17,50.176872,15.037381
545533,Nymburk město výh.19,50.174516,15.03688
545541,Nymburk město,50.185168,15.03345
545558,CDP Praha,50.089826,14.439751
545566,Dřetovice z,50.189206,14.201671
545590,Bečov u Mostu,50.456582,13.711699
545616,Kadaň-Bystřice z,50.396308,13.275637
545624,Nové Město p.Smrkem,50.924833,15.224221
545640,AHr Hořátev nz,50.15339,15.029624
545665,Velvary,50.282221,14.24329
545673,Odb Záluží,50.14636,14.736141
545699,Břvany,50.407975,13.723074
545715,AHr Hřivno,50.312184,14.768512
545723,Jindřichovice p.Smrk,50.958755,15.254307
545764,Olovnice zastávka z,50.246812,14.253705
545798,Lenešice,50.377529,13.773552
545822,Horní Řasnice nz,50.951981,15.197699
545855,Třebestovice z,50.125754,14.960928
545863,Velká Bučina z,50.267399,14.239823
545897,Dobroměřice z,50.370921,13.798974
545921,Jindř.p.S.-Skanzen z,50.959103,15.22819
545962,Chlumín z,50.267167,14.456166
545996,Louny,50.361183,13.822798
546010,"vl. v km 11,456",50.928589,15.195462
546028,Hajniště z,50.928812,15.197381
546036,"vl. v km 11,710",50.928968,15.198627
546069,Úžice,50.256444,14.376599
546077,"vl. v km 90,205",50.025809,15.750386
546085,Vlečka Letiště,50.019059,15.735705
546093,Louny město z,50.350275,13.796411
546119,Louny předm. výh.č.2,50.348228,13.769141
546127,Řasnice zastávka z,50.939554,15.163228
546135,Pardubice-Ros.n.Lab.,50.045656,15.742736
546150,Louny předm. výh.č.1,50.347224,13.773636
546168,Netřeba z,50.260087,14.422418
546192,Louny předměstí,50.343359,13.768109
546226,Řasnice,50.938887,15.151099
546267,Jiřice z,50.23887,14.546759
546275,"vl. v km 11,403",50.239044,14.546585
546291,Veltěže z,50.359535,13.864395
546325,Krásný Les z,50.937686,15.128515
546333,Pardubice závodiš. z,50.024298,15.751036
546366,Kostelec n. Labem nz,50.221081,14.580738
546390,Louny střed z,50.353696,13.806377
546424,Kr. Les bažantnice z,50.930795,15.109033
546432,Staré Jesenčany z,50.000037,15.757064
546440,AHr Jesenčany,50.009958,15.761879
546457,hr.DU 0911C1/091106,50.183603,14.664679
546465,Brandýs nad Labem,50.183486,14.655219
546473,"vl. v km 7,431",50.183635,14.666052
546507,Brand.n.L.-Zápská z,50.183612,14.664953
546523,Frýdlant v Čechách,50.918909,15.073306
546531,Chrudim,49.948182,15.786893
546549,"Km 0,800",49.954882,15.783689
546556,"vl. v km 81,374",49.955433,15.78359
546564,Polerady n. Labem z,50.204698,14.61021
546572,"vl. v km 4,915",50.205219,14.608817
546622,Frýdl. v Č.předm. nz,50.926833,15.076424
546630,Medlešice,49.974567,15.767682
546663,Brandýs n.L.zast. z,50.180394,14.677839
546671,"km 111,806=114,700",49.628794,14.607772
546739,Chrudim zastávka z,49.959304,15.781104
546838,Slatiňany,49.918913,15.825167
546861,Neratovice,50.262704,14.517573
546879,Neratovice město z,50.256945,14.519996
546887,Neratovice sídl. z,50.257413,14.507536
546937,Chrast u Chrudimi,49.901335,15.910782
546960,Lobkovice z,50.250881,14.530748
547034,Zaječice z,49.900533,15.879861
547067,Tišice z,50.267664,14.557056
547091,Řehlovice,50.612656,13.954789
547133,Horka u Chrudimi z,49.882309,15.91169
547166,AHr Kojetice u Phy z,50.237111,14.499076
547190,Brozánky z,50.608488,13.935988
547232,Orel z,49.914562,15.841908
547265,Měšice u Prahy,50.204606,14.513625
547281,hr.DU 010142/010154,50.40259,13.407876
547299,Stadice z,50.617146,13.969936
547364,AHr Hovorčovice z,50.180475,14.527684
547398,Rtyně nad Bílinou z,50.601732,13.912797
547422,Višňová,50.973268,15.028476
547430,Chrast u Chrud.m.,49.903782,15.933554
547463,Mochov zastávka z,50.145251,14.769165
547497,Velvěty z,50.606497,13.895261
547521,Černousy nz,51.007855,15.037562
547562,Čelákovice zast. z,50.159817,14.735454
547596,Ohníč,50.58906,13.842092
547620,Filipovka z,50.989815,15.025029
547661,Praha-Satalice,50.122811,14.571524
547729,Minkovice z,50.950828,15.029139
547752,Čelákovice-Jiřina z,50.167635,14.765564
547760,Čelákovice,50.158508,14.754718
547778,"vl. v km 6,888",50.168302,14.766276
547786,TUDU 1192BF/091302,50.153769,14.751662
547794,Světec výh.č. 5,50.580984,13.805774
547810,AHr Srch,50.072469,15.752562
547869,Lázně Toušeň nz,50.168594,14.711401
547893,Světec,50.578973,13.797514
547968,Mochov nz,50.136456,14.794694
547992,Bílina-Chudeřice z,50.571948,13.786504
548024,hr.DU 010156/010144,50.437228,13.38254
548057,"AHr Km 11,485",50.14655,14.73147
548065,Mstětice,50.136019,14.68978
548073,"vl. v km 9,980",50.145739,14.746729
548099,Hostomice n. Bíl. z,50.585175,13.810302
548107,Opatovice n.L. z,50.155871,15.783668
548123,Raspenava,50.896554,15.131612
548131,Žďárec u Skutče,49.826219,15.97807
548149,"vl. v km 57,898",49.842347,15.957433
548164,Zeleneč z,50.130347,14.666292
548172,Odb Zeleneč,50.126308,14.646544
548180,"km 15,113=14,546",50.13247,14.681332
548198,Bílina,50.554069,13.77214
548222,Luh pod Smrkem z,50.891787,15.151922
548230,Vrbatův Kostelec z,49.854903,15.937318
548263,Praha-Hor.Počernice,50.116505,14.612016
548271,hr.VUSC 0100/0200 03,50.123974,14.639965
548297,Bílina kyselka z,50.540424,13.759462
548313,"vl. v km 27,780",50.442176,13.022045
548321,Hejnice nz,50.879619,15.184876
548339,Prosetín z,49.83253,15.961848
548362,Vráž u Berouna,49.984069,14.124066
548420,Lužec pod Smrkem z,50.886455,15.164663
548438,Pokřikov z,49.793499,15.981383
548461,Loděnice,49.992846,14.163004
548529,Bílý Potok p.Smrkem,50.876053,15.206171
548537,Hlinsko v Čechách,49.766773,15.901764
548545,"Km 41,300",49.781618,15.909936
548560,Nučice,50.02403,14.224951
548594,Počerady,50.41528,13.686024
548628,Mníšek u Liberce,50.832663,15.065734
548636,Vojtěchov z,49.792096,15.971986
548669,Nučice zastávka,50.015157,14.212784
548693,Volevčice z,50.428604,13.685626
548727,Oldřichov v Hájích z,50.855169,15.091577
548735,Holetín z,49.788173,15.927275
548768,Chýně z,50.058851,14.212023
548792,Výškov v Čechách z,50.392798,13.688844
548826,Krásná Studánka z,50.801468,15.038402
548834,Hlinsko-Kouty z,49.753823,15.892519
548867,Chýně jih z,50.051835,14.220882
548883,Vítanov z,49.753038,15.877811
548891,Výškov v Č.nákl.,50.390391,13.689162
548925,Stráž nad Nisou z,50.788519,15.025524
548933,Stružinec z,49.730564,15.833374
548966,Rudná zastávka z,50.03519,14.235696
548990,hr.DU 057102/057104,50.369173,13.698371
549022,Tanvaldský Špičák z,50.760899,15.267539
549030,Ždírec nad Doubravou,49.700108,15.804318
549048,hr.VUSC 0530/0630 01,49.738428,15.849471
549063,Jinočany z,50.029012,14.262647
549097,Postoloprty,50.360457,13.691649
549121,Kořenov,50.770051,15.366339
549139,Sobíňov z,49.699075,15.759248
549162,Rudná u Prahy,50.039406,14.242631
549196,Lišany u Žatce,50.346146,13.648428
549212,"Harrachov km 40,110",50.778481,15.396307
549220,Harrachov,50.771336,15.393847
549238,Chotěboř,49.711705,15.683412
549261,Praha-Řeporyje,50.032259,14.309406
549279,hr.VUSC 0100/0200 08,50.02738,14.289525
549295,Dolejší Hůrky z,50.340212,13.626967
549337,Bílek z,49.705962,15.733496
549360,Zbuzany z,50.026289,14.280431
549394,Touchovice u Loun z,50.301828,13.728285
549428,Kořenov zastávka z,50.762581,15.347212
549436,Rozsochatec,49.669505,15.632565
549469,Praha-Holyně z,50.032683,14.348268
549493,Tvršice z,50.340749,13.59711
549527,Tanvald,50.74272,15.310637
549568,Praha-Uhříněves,50.033436,14.59197
549584,Březno u P. km 1.200,50.363327,13.707242
549592,Březno u Postoloprt,50.351659,13.722024
549600,"vl. v km 5,529",50.347009,13.751272
549618,EP Louny-Březno,50.354695,13.768184
549626,Dolní Polubný,50.760557,15.32365
549691,Hřivice,50.285452,13.725161
549725,Desná,50.753416,15.308948
549733,Desná-Riedl.vila z,50.759231,15.31401
549741,Desná-Pustinská z,50.764117,15.335399
549766,Praha-Kolovraty z,50.013736,14.626115
549790,Jimlín z,50.326611,13.751076
549824,Tanvald zastávka z,50.736884,15.304841
549857,hr.VUSC 0100/0200 05,50.00555,14.646107
549865,Říčany,49.99774,14.663308
549873,JP servis Říčany,49.997178,14.664255
549899,Opočno u Loun z,50.312478,13.733873
549923,Smržovka dolní n. z,50.734797,15.280444
549964,Světice z,49.97022,14.657965
549998,Solopysky z,50.251503,13.748105
550020,Jabl.n.N. centrum z,50.720865,15.173879
550038,Borová u Pol.zast. z,49.731868,16.174446
550061,Strančice,49.949484,14.678265
550095,Konětopy z,50.268099,13.726591
550129,Smržovka střed z,50.731902,15.254925
550137,Skuteč,49.837634,15.994957
550160,Mnichovice z,49.932433,14.707274
550186,hr.VUSC 0200/0420 01,50.224739,13.730416
550194,Domoušice,50.232941,13.722533
550228,Smržovka,50.740252,15.243886
550236,Předhradí z,49.824194,16.018621
550269,Senohraby,49.896887,14.727539
550285,Mutějovice,50.217139,13.704442
550327,Josefův Důl,50.779477,15.24026
550335,Čachnov,49.753021,16.059854
550350,Mirošovice,49.926232,14.71394
550368,Mirošovice u Prahy z,49.909594,14.720874
550384,Kounov z,50.216068,13.665197
550426,Antonínov z,50.771518,15.249464
550434,Krouna z,49.778334,16.036815
550459,Čerčany výh.č.19-22,49.862609,14.702297
550467,Čerčany,49.850503,14.701622
550483,Svojetín,50.19826,13.632299
550525,Jiřetín p.Bukovou nz,50.756978,15.26392
550533,Pustá Kamenice z,49.754546,16.081713
550558,Oldřiš zastávka,49.723627,16.207629
550566,Pyšely z,49.861523,14.699339
550582,Hořesedly nz,50.168243,13.641236
550624,Nová Ves n. Nisou nz,50.723922,15.193788
550632,Polička,49.718845,16.264539
550665,Mrač z,49.832532,14.697966
550681,Chrášťany,50.141917,13.663414
550723,Lučany nad Nisou z,50.739535,15.225692
550731,Borová u Poličky,49.74311,16.161615
550764,Lštění z,49.863908,14.715792
550780,Janov u Rakovníka z,50.20803,13.641638
550806,"vl. v km 16,336",50.731514,15.190608
550822,Jablonecké Paseky z,50.732107,15.193383
550830,Oldřiš z,49.728489,16.194037
550863,Zlenice z,49.879083,14.732949
550921,Jablonec nad Nisou,50.720923,15.160792
550939,Sádek u Poličky z,49.717801,16.214898
550962,Poříčí n. Sázavou z,49.837339,14.676262
551028,Jablonec n.N.zast. z,50.720396,15.186288
551036,Pomezí zastávka z,49.721194,16.291163
551044,"vl. v km 2,849",50.109916,13.702784
551069,Benešov u Prahy,49.778741,14.68318
551093,Teplice zám.zahr. nz,50.633686,13.813692
551127,Jablonec n.N.dol.n.z,50.726282,15.149196
551135,Pomezí z,49.720751,16.325583
551168,Bystřice u Beneš. z,49.742003,14.667119
551192,Bystřany v Č. nz,50.625497,13.862786
551218,"vl. v km 2,291",50.747082,15.062377
551226,Vesec u Liberce,50.743221,15.081381
551234,Květná,49.729219,16.366982
551242,"Km 14,800",49.720268,16.321126
551259,"km 126,838=126,904",49.722456,14.659502
551267,Tomice z,49.698395,14.65221
551275,"Olbramovice L1c,L2c",49.687122,14.631642
551291,Prosetice z,50.631016,13.842357
551325,Proseč nad Nisou z,50.728341,15.115706
551333,Vendolí zastávka z,49.736668,16.39546
551366,Olbramovice,49.667615,14.624432
551390,Úpořiny,50.609645,13.879103
551424,Vratislavice n.N. z,50.740131,15.093528
551432,Vendolí z,49.745471,16.412498
551465,Vrchotovy Janovice z,49.658492,14.579303
551499,Lbín z,50.605709,13.859374
551523,Liberec-Hor.Růžodol,50.753544,15.032888
551531,Pus.Kamenice zast. z,49.752493,16.092866
551564,Voračice z,49.6617,14.556366
551598,Žalany nz,50.589125,13.900677
551614,"vl.v km 139,015",50.763326,15.012745
551622,Ostašov nz,50.763309,15.01299
551630,Květná zastávka z,49.726847,16.354474
551663,Minartice z,49.666915,14.539573
551697,Hradiště v Čechách z,50.593614,13.876061
551705,Vlečka Kovošrot,50.109096,13.706673
551721,Karlov pod Ještědem,50.77366,14.983694
551739,Krouna zastávka z,49.786179,16.035177
551747,"Km 32,000",49.751855,16.1183
551762,Sedlčany,49.655852,14.433977
551796,Žalany zastávka z,50.587163,13.916153
551820,Křižany,50.751429,14.918543
551861,Štětkovice,49.666824,14.517026
551895,Radejčín z,50.580538,14.003112
551929,Novina z,50.760019,14.941698
551952,"Km 15,500",50.586567,13.926972
551960,Kosova Hora nz,49.659541,14.479826
551994,Bořislav z,50.585629,13.936954
552026,Kryštofovo Údolí z,50.772086,14.941977
552034,Litomyšl zastávka z,49.881212,16.29271
552067,Votice,49.638054,14.619626
552091,Žim nz,50.587105,13.965008
552125,Zdislava z,50.770143,14.876774
552133,Litomyšl,49.874743,16.304109
552166,Heřmaničky z,49.601211,14.584376
552190,Chotiměř nz,50.547225,13.989148
552224,Rynoltice,50.786957,14.826619
552232,Litomyšl-Nedošín z,49.88579,16.28
552265,Střezimíř,49.543979,14.620896
552299,Dobkovičky z,50.557382,14.004719
552323,Lvová z,50.781001,14.787852
552331,Tržek z,49.889824,16.26042
552364,Ješetice z,49.577761,14.596678
552398,Oparno z,50.542438,14.013041
552422,Velké Hamry,50.711564,15.31378
552430,Řídký z,49.89197,16.246312
552448,"Km 11,400",50.695659,15.324817
552463,Č. Újezd u V. zast.z,49.560279,14.613686
552521,Plavy,50.701792,15.317002
552539,Cerekvice n.Loučnou,49.905724,16.206161
552562,Mezno z,49.536623,14.654424
552620,Velké Hamry město z,50.719229,15.313344
552638,Cerekv.n.Louč.zast z,49.900984,16.218792
552661,Sudoměřice u Táb. z,49.507238,14.659584
552679,hr.VUSC 0200/0310 01,49.527519,14.665352
552729,Návarov z,50.676172,15.319376
552737,Hrušová z,49.911076,16.196796
552760,Chotoviny,49.472161,14.669558
552802,Jesenný z,50.652175,15.327831
552828,Smržovka-Zvonková z,50.731161,15.268782
552836,Vysoké Mýto,49.955167,16.14742
552869,Postupice,49.738039,14.782319
552901,Spálov z,50.633968,15.300634
552927,Smržovka-Luční z,50.735089,15.249551
552935,Džbánov z,49.925216,16.174185
552968,Myslíč z,49.764742,14.723326
553008,hr.VUSC 0510/0520 04,50.521835,15.272579
553032,Vysoké Mýto město,49.950516,16.15575
553065,Struhařov nz,49.762059,14.749241
553099,Libčeves,50.448682,13.830459
553107,Rovensko p.Troskami,50.531725,15.263937
553131,Slatina u Vys.Mýta z,49.975005,16.163314
553164,Dobříčkov z,49.752421,14.761788
553198,Bělušice z,50.452296,13.766412
553206,Turnov město z,50.579597,15.151931
553214,Přepeře u Turnova z,50.586201,15.107073
553222,Výh Odolice,50.447156,13.776069
553263,Městečko u Beneš. z,49.730808,14.805477
553297,Židovice z,50.447716,13.864689
553305,Karlovice-Sedmih. nz,50.561701,15.196568
553362,Lhota Veselka z,49.721004,14.815131
553404,Hrubá Skála,50.550335,15.213025
553461,Domašín z,49.714994,14.836767
553495,Sedlec u Obrnic z,50.487564,13.703907
553503,Borek pod Troskami z,50.535508,15.232227
553537,Lanškroun,49.908505,16.603233
553560,Vlašim,49.700474,14.897585
553578,Vlašim výh.č. 1,49.698067,14.904614
553594,Sinutec z,50.440507,13.797949
553602,Ktová z,50.527953,15.247721
553610,Červ. Újezd u Votic,49.555521,14.61526
553628,"Červ.Újezd.kol.1b,2b",49.568105,14.611038
553669,Znosim z,49.699701,14.869475
553693,Třebívlice,50.457709,13.908201
553701,Semínova Lhota z,50.517974,15.280959
553768,Vlašim zastávka z,49.698077,14.90415
553792,Podsedice z,50.469357,13.956744
553800,Jivany z,50.513699,15.298874
553867,Trhový Štěpánov nz,49.707531,15.009617
553891,Semeč z,50.45234,13.887728
553909,Libuň,50.490151,15.302956
553917,Libuň zastávka z,50.500151,15.300554
553925,Vlečka Sklopísek,50.499136,15.246551
553966,Bolina z,49.684597,14.949929
553990,Třebenice,50.473987,14.000716
554006,Jinolice z,50.47884,15.335709
554063,Zdislavice z,49.689524,14.969444
554097,Dlažkovice z,50.466682,13.968168
554105,Železnice z,50.462272,15.37589
554121,"vl. v km 28,931",49.687886,14.967432
554139,Třemošnice,49.872162,15.575819
554162,Čtyřkoly z,49.868466,14.713942
554196,Třebenice město z,50.481519,13.98606
554204,Jičín,50.430791,15.361311
554238,Žlebské Chvalovice z,49.883396,15.555613
554261,Benešov-Černý les z,49.77189,14.698201
554295,Čížkovice,50.483609,14.039438
554303,Jičín zastávka z,50.450587,15.380974
554311,hi Čížkovice AŽD,50.480681,14.036598
554337,Ronov n.Doubr.zast.z,49.892656,15.543392
554394,Sulejovice z,50.499442,14.036022
554428,hr.VUSC 0200/0530 01,49.89207,15.500216
554436,Ronov nad Doubravou,49.894863,15.528228
554493,Libochovice,50.41047,14.054923
554535,Závratec z,49.877332,15.562379
554592,Dubany z,50.398734,14.012593
554642,Žleby zastávka z,49.894295,15.489918
554691,Chotěšov pod Hazmb.,50.442019,14.070334
554741,Žleby,49.890589,15.477074
554790,Koštice nad Ohří z,50.400428,13.954122
554840,Skovice,49.905556,15.46163
554899,Křesín z,50.397791,13.981427
554998,Libochovice město,50.407548,14.037285
555094,Pátek z,50.376846,13.936393
555102,Butoves,50.388108,15.424961
555136,Holice,50.06931,15.992534
555193,Výh Radonice n. Ohří,50.36967,13.91416
555201,Vitiněves z,50.399588,15.380542
555235,Holice zastávka z,50.081891,16.034225
555268,Praha-Komořany z,49.990522,14.404355
555292,Slatina pod Hazmb. z,50.429889,14.060908
555300,Kovač z,50.392234,15.46997
555334,Roveň z,50.028895,15.969495
555367,Praha-Zbraslav,49.96999,14.399714
555375,hr.VUSC 0100/0200 06,49.967574,14.399426
555391,Slavětín nad Ohří z,50.360353,13.90069
555409,Ostroměř,50.369014,15.544801
555417,"Km 32,800",50.361457,15.565531
555433,Platěnice z,50.008934,15.961419
555466,Vrané nad Vltavou,49.938556,14.381121
555490,Úpohlavy z,50.465799,14.037605
555508,Vojice z,50.384289,15.49827
555532,Chrudim město,49.957708,15.793893
555565,Dol.Břežany-Jarov z,49.947173,14.396929
555607,Sobčice z,50.37527,15.519014
555631,Vejvanovice z,49.973019,15.873127
555664,Skochovice z,49.924514,14.376296
555730,Úhřetice nz,49.97744,15.862251
555763,Měchenice,49.911181,14.383299
555805,Hořice v Podkrkonoší,50.356295,15.635014
555839,Tuněchody z,49.974448,15.849748
555862,Klínec z,49.896843,14.359727
555904,Dobrá Voda u Hoř. z,50.345916,15.609801
555938,Topol,49.967598,15.832161
555961,Čisovice,49.858128,14.320051
555979,"vl.v km 18,055",49.862166,14.306988
555987,"Km 18,000",49.861963,14.306298
555995,Vl.Kovohutě Mníšek,49.872591,14.286231
556001,Třebovětice z,50.327391,15.703655
556035,Bylany z,49.95587,15.733043
556068,Bojov z,49.879988,14.348786
556092,Děčín-Prostřed. Žleb,50.794124,14.231205
556100,Jeřice z,50.342631,15.676778
556134,Hrochův Týnec,49.966375,15.908229
556142,"hr.tř.skl.km 23,250",49.967927,15.901631
556167,Bojanovice z,49.867799,14.344949
556191,Děčín-Čertova Voda z,50.816691,14.221562
556209,Cerekvice n.Bystř. z,50.325652,15.716547
556233,Bořice z,49.980428,15.922265
556266,Rymaně z,49.857159,14.281691
556290,Děčín-Přípeř z,50.784954,14.209226
556308,Sadová nz,50.295374,15.693755
556365,Mníšek pod Brdy,49.853956,14.270258
556399,Dolní Žleb,50.846414,14.215129
556407,Hněvčeves,50.312665,15.721882
556464,Dobříš,49.789978,14.182534
556498,Dolní Žleb zast. z,50.837194,14.223434
556506,Dohalice z,50.282949,15.695865
556563,Nová Ves pod Pleší z,49.827574,14.269896
556597,Děčín hl.n.,50.773459,14.201096
556605,Všestary,50.25262,15.764614
556613,"vl. v km 3,373",50.239296,15.787481
556662,Malá Hraštice z,49.80947,14.267987
556704,Dlouhé Dvory z,50.261555,15.726127
556761,Mokrovraty z,49.796237,14.236244
556803,Plotiště nad Labem z,50.235301,15.792157
556860,Stará Huť z,49.784936,14.199592
556894,Děčín východ,50.774799,14.223825
556902,Libáň z,50.356333,15.215489
556969,Davle,49.887601,14.398551
556985,hr.DU 1001M1/100602,50.780156,14.218627
556993,Děčín východ St. 1,50.771657,14.23399
557009,Ledkov z,50.344333,15.235817
557033,Jeníkovice z,49.980758,15.656474
557066,Davle přírod. park z,49.901749,14.40122
557090,Děčín zastávka z,50.772834,14.193147
557108,Dětenice,50.373336,15.176669
557132,Heřmanův Městec,49.950984,15.658486
557165,Petrov-Chlomek z,49.876626,14.410555
557207,Osenice z,50.369658,15.163172
557231,Valy u Přel. zast. z,50.030571,15.613991
557249,AHr Valy,50.021478,15.620341
557264,Petrov u Prahy z,49.879351,14.42852
557306,Rokytňany z,50.368017,15.134058
557330,Veselí u Přelouče z,50.016942,15.623329
557363,Jílové u Prahy,49.878025,14.499973
557397,Dobkovice z,50.715977,14.191384
557405,Rabakov z,50.380864,15.105008
557439,Choltice,49.987923,15.646496
557447,Choltice zastávka z,49.989783,15.642285
557462,Luka pod Medníkem z,49.865859,14.461726
557496,Choratice z,50.723839,14.18608
557538,Rozhovice z,49.969843,15.709841
557561,Kamenný Přívoz nz,49.866969,14.516926
557595,Vilsnice z,50.747188,14.180895
557637,Klešice z,49.965446,15.684487
557660,Krhanice nz,49.84888,14.553264
557678,"vl. v km 14,422",49.856039,14.548639
557694,Povrly,50.67071,14.157209
557702,hr.VUSC 0510/0520 01,50.505347,15.383756
557736,Prachovice,49.8927,15.632779
557769,Prosečnice z,49.863806,14.532469
557785,hr.VUSC 0510/0520 02,50.515752,15.437374
557793,Neštědice z,50.670266,14.139869
557801,Lomnice nad Popelkou,50.526841,15.374427
557819,"hr.tř.skl.km 62,100",50.515989,15.38519
557827,"Km 61,050",50.507903,15.385278
557835,Kostelec u Heř.M.,49.920879,15.650981
557868,Týnec nad Sázavou,49.834101,14.59286
557892,Povrly-Roztoky z,50.687565,14.187628
557900,Ústí u Staré Paky z,50.51623,15.457439
557934,Kostelec u H.M.-P. z,49.928609,15.649218
557967,Chrást nad Sázavou z,49.839634,14.576959
557991,Neštěmice z,50.672652,14.106952
558007,Syřenov z,50.513481,15.43678
558064,Pecerady nz,49.83363,14.625817
558098,Mojžíř z,50.678527,14.126578
558106,Nová Ves n.Popelk. z,50.518916,15.40796
558130,Humpolec,49.534936,15.348047
558163,Poříčí n.S.-Svárov z,49.841749,14.652088
558197,Prackovice nad Labem,50.573037,14.036401
558205,Ploužnice z,50.514223,15.386789
558239,Plačkov z,49.529063,15.398964
558296,Dolní Zálezly z,50.596869,14.048234
558304,Kyje u Jičína z,50.499957,15.376101
558338,Kamenice u Hump. z,49.524203,15.434943
558395,Litochovice n. L. z,50.558953,14.033284
558403,Cidlina z,50.500772,15.336775
558437,Herálec,49.525446,15.473468
558502,Kněžnice z,50.492871,15.320257
558536,Radňov z,49.547044,15.509473
558577,"vl. v km 1,980",50.499841,14.036909
558585,"km 1,314=1,000",50.506625,14.045865
558593,Lovosice,50.509683,14.059483
558601,Mladějov v Čechách,50.480973,15.226376
558635,Slavníč z,49.520745,15.456134
558700,Hrdoňovice z,50.49041,15.264439
558791,Lovosice město z,50.521389,14.045131
558809,Sobotka,50.465453,15.167954
558817,hr.VUSC 0200/0520 02,50.447322,15.146196
558890,Lovosice zastávka z,50.519488,14.042431
558908,Malechovice z,50.493417,15.187411
558981,V. Žernoseky zast. z,0,0
558999,Malé Žernoseky z,50.538916,14.05602
559005,Libošovice z,50.486091,15.163509
559013,Řitonice z,50.407167,15.110203
559062,Plužiny z,49.878541,14.875325
559096,Bohušovice nad Ohří,50.491484,14.148394
559112,Dolní Bousov,50.441562,15.132334
559120,hr.VUSC 0200/0520 05,50.377549,15.106145
559161,Samechov,49.886122,14.834669
559195,Hrdly z,50.485125,14.17426
559211,Domousnice z,50.397308,15.106294
559260,Hvězdonice,49.872465,14.771004
559294,Lukavec z,50.502992,14.092225
559310,Obrubce z,50.446358,15.073673
559328,hi Dolní Bousov AZD,50.440837,15.134224
559369,Chocerady z,49.870057,14.806359
559393,Nové Kopisty z,50.497183,14.120611
559419,Březno u Ml.Bol. z,50.413569,15.005461
559468,Vlkovec z,49.874947,14.814358
559492,Hrobce,50.457695,14.229901
559518,Bechov z,50.436142,15.08526
559567,Stříbrná Skalice z,49.883197,14.857241
559591,Oleško z,50.477692,14.194269
559617,Dlouhá Lhota z,50.421088,15.039375
559666,Sázava,49.875454,14.90719
559716,Kolomuty z,50.406624,14.97792
559765,Sázava zastávka z,49.869246,14.893468
559815,Řepov z,50.406827,14.955953
559864,Samopše z,49.861217,14.916432
559914,Mladá Boleslav město,50.419219,14.915962
559922,Vlečka Škoda Auto,50.411297,14.942918
559930,Vlečka Preymesser,50.406127,14.96038
560060,Ledečko,49.847424,14.932976
560094,Boletice nad Labem,50.734267,14.187771
560110,Skalsko,50.432163,14.755489
560169,Rataje n.Sáz.zast. z,49.844479,14.947975
560193,Děčín-Staré Město z,50.766394,14.214506
560219,Rohatsko z,50.437105,15.107404
560268,Rataje n.Sáz.-Ivaň z,49.840009,14.941471
560292,Děčín-Boletice m. z,50.743777,14.187885
560318,Bukovno z,50.443404,14.833328
560367,Malovidy z,49.821863,14.932741
560391,Křešice u Děčína z,50.75706,14.204181
560417,Líny z,50.446148,14.810376
560466,Český Šternberk nz,49.81399,14.936953
560516,Katusice,50.442838,14.777056
560565,Čes.Šternberk zast.z,49.808674,14.929688
560599,Velké Březno,50.664235,14.146217
560615,Sudoměř u Ml.Bol. z,50.437908,14.744697
560664,Kácov,49.786753,15.018909
560672,"vl. v km 11,842",49.792685,14.971693
560714,Trnová z,50.444591,14.718814
560763,Soběšín z,49.789773,14.959929
560813,Vrátno nz,50.443099,14.686744
560862,Vranice z,49.789859,14.986398
560912,Mšeno,50.435782,14.640801
560961,Kácov zastávka z,49.775715,15.030929
561019,Skramouš z,50.442926,14.664318
561068,Střechov n.Sázavou z,49.76029,15.021826
561118,Kanina z,50.415756,14.614801
561167,Čížov z,49.752145,15.048379
561191,Malé Březno n. L. z,50.671789,14.16844
561217,Živonín z,50.394103,14.613014
561266,Chabeřice z,49.749582,15.062562
561316,Nebužely z,50.386232,14.589646
561365,Zruč nad Sázavou,49.739312,15.103657
561373,"vl. v km 11,583",49.746528,15.088188
561381,Vlečka Sázavan,49.740249,15.088629
561415,Lhotka u Mělníka,50.382107,14.541869
561464,Zruč n.Sáz. zast. z,49.743103,15.085474
561498,AHr Svádov z,50.663309,14.103757
561514,Lhotka u Měl.zast. z,50.373468,14.550912
561563,Horka nad Sázavou z,49.738771,15.129129
561597,AHr Těchlovice z,50.695736,14.203004
561613,Hleďsebe z,50.363752,14.56247
561662,Laziště z,49.729721,15.159137
561712,Mělnická Vrutice z,50.344296,14.546496
561761,Vlastějovice,49.728889,15.171154
561779,hr.VUSC 0200/0630 04,49.720621,15.199699
561795,Valtířov z,50.672427,14.121843
561811,Velký Borek z,50.346632,14.515763
561860,Budčice z,49.722474,15.184635
561910,Dobrovice,50.354958,14.940351
561951,Ledeč nad Sázavou,49.698375,15.269711
561993,Č.Lípa-Holý vrch z,50.682379,14.522887
562017,Nepřevázka z,50.374443,14.910824
562058,Chřenovice z,49.71255,15.194992
562090,Benešov n. Ploučnicí,50.738307,14.304875
562116,Voděrady z,50.336545,14.94715
562157,Chřenovice-Podhr. z,49.707781,15.235236
562199,Březiny u Děč. z,50.760973,14.244161
562215,Luštěnice-Újezd,50.317566,14.946718
562256,Horní Ledeč z,49.695954,15.28335
562264,Hodkov zastávka z,49.777852,15.154343
562280,"vl. v km 26,631",50.799458,14.436333
562298,Malá Veleň z,50.742272,14.272568
562314,Čachovice,50.271976,14.949062
562355,Vilémovice z,49.684355,15.308824
562363,Štipoklasy z,49.828244,15.208101
562397,Františkov n. Plouč.,50.724008,14.331801
562405,"Km 5,200",50.71409,14.358334
562413,Všejany z,50.257162,14.957774
562454,Stvořidla z,49.670639,15.319289
562462,Předbořice z,49.855746,15.22459
562488,hr.VUSC 0420/0510 04,50.721036,14.378845
562496,Horní Police,50.70613,14.40004
562512,Výh Straky,50.240045,14.989351
562553,Smrčná z,49.660631,15.349042
562561,Krasoňovice z,49.877422,15.224019
562595,Starý Šachov z,50.720759,14.374828
562611,Křinec,50.266003,15.143617
562660,Zbraslavice,49.815714,15.190065
562694,Stružnice,50.698312,14.449908
562710,Rožďalovice,50.299171,15.180313
562728,hr.VUSC 0200/0520 03,50.308081,15.205431
562769,Želivec z,49.755402,15.140705
562793,Markvartice,50.771965,14.345438
562819,Ledečky z,50.284204,15.186007
562868,Hodkov z,49.7856,15.163946
562892,Dolní Habartice z,50.750275,14.335907
562900,Mlýnec z,50.31767,15.220739
562918,Jíkev z,50.239167,15.051847
562967,Černíny z,49.841034,15.216297
562983,Transpedia,50.797386,14.446197
562991,Česká Kamenice,50.79583,14.414024
563007,Kopidlno,50.333966,15.260438
563015,Oskořínek z,50.241676,15.086146
563056,Týniště z,49.885764,15.235091
563064,Malešov,49.906608,15.230996
563098,Horní Kamenice z,50.799474,14.436267
563106,Pševes z,50.345218,15.295629
563114,hi Kopidlno AŽD,50.331713,15.240668
563163,Červené Janovice n,49.847876,15.221559
563197,Veselé pod Rabšt. z,50.794433,14.362876
563205,Žitětín,50.361117,15.324575
563262,Bahno z,49.865409,15.220499
563288,hr.VUSC 0420/0510 02,50.788018,14.451323
563296,Kamenický Šenov nz,50.780942,14.468154
563304,Jičíněves z,50.373903,15.336608
563361,Bykáň z,49.891705,15.239998
563395,Žandov z,50.712058,14.389816
563403,Nemyčeves z,50.387272,15.360487
563460,Kutná Hora město,49.949929,15.277428
563478,"vl. v km 1,800",49.955922,15.286246
563486,Vlečka Silnice,50.402459,15.353106
563494,"vl. v km 38,895",50.405572,15.353338
563502,St.Místo u Jičína nz,50.40607,15.353003
563510,hr.VUSC 0200/0520 01,50.173937,15.369519
563569,K.Hora-Poličany z,49.923876,15.258816
563601,Bartoušov zastávka z,50.355046,15.31113
563619,Městec Králové,50.210646,15.300216
563668,K.Hora-Vrchlice z,49.937338,15.267204
563718,Svídnice z,50.268461,15.192771
563767,Kutná Hora-Sedlec z,49.957605,15.290224
563817,Dymokury nz,50.255945,15.215457
563866,Uhlířské Janovice,49.881969,15.05958
563908,Zachrašťany z,50.214161,15.489886
563916,Činěves z,50.243764,15.233042
563965,Rataje nad Sázavou z,49.843713,14.950816
564013,Běrunice z,50.185947,15.341246
564062,Rataje n.S. předm. z,49.849666,14.978414
564104,Slibovice z,50.17509,15.36671
564161,Mirošovice u R.n.S.z,49.86032,15.004793
564195,Mlýny,50.8116,14.497752
564203,Lovčice obec z,50.170439,15.382321
564260,Mitrov z,49.865761,15.048422
564294,Kytlice z,50.814805,14.533561
564302,Nový Bydžov,50.244814,15.485812
564328,"Km 35,700",50.264334,15.494376
564369,Chmeliště z,49.895786,15.056298
564385,Jiříkov,50.994143,14.580554
564393,Jiříkov,50.998502,14.579009
564401,Luková z,50.189716,15.486947
564468,Hatě z,49.913882,15.058014
564492,Jiříkov-Filipov z,50.987967,14.577428
564500,Skřivany z,50.272208,15.498991
564542,"vl. v km 3,419",49.959242,15.067656
564559,"Vlečka km 0,700",49.961824,15.07449
564567,Bečváry,49.955996,15.071101
564575,"Km 93,300",50.968052,14.577974
564583,"Km 3,520",50.978505,14.520724
564591,Rumburk,50.956829,14.550427
564609,Smidary,50.295053,15.495458
564666,Drahobudice z,49.936535,15.062512
564690,Brtníky z,50.951841,14.438618
564708,Ohnišťany z,50.333302,15.506754
564765,Ratboř,49.981492,15.160285
564799,Dolní Křečany z,50.956382,14.518708
564807,Lázně Bělohrad,50.426383,15.577181
564864,Pučery z,49.967373,15.106045
564898,Panský,50.948627,14.461883
564906,Šárovcova Lhota nz,50.407856,15.560863
564963,Chotouchov z,49.970419,15.121121
565002,Horní Nová Ves z,50.450078,15.572446
565069,Kořenice z,49.973109,15.138429
565093,Rumburk zastávka z,50.969291,14.579388
565168,AHr Červené Pečky nz,49.98799,15.207026
565192,Staré Křečany z,50.947719,14.492045
565267,Zásmuky,49.962776,15.031771
565291,Dolní Poustevna,50.983596,14.283475
565366,Kouřim,50.00561,14.987951
565390,Horní Poustevna z,50.996918,14.300964
565465,Bošice,50.015561,15.01523
565499,Mikulášovice dol.n.,50.984308,14.336898
565523,Malá Skála,50.634289,15.192166
565564,Toušice z,49.985428,15.014992
565598,Mikulášovice hor.n.z,50.956432,14.390146
565622,AHr Dolánky z,50.603854,15.171364
565663,Bošice zastávka z,49.999576,15.012515
565697,Mikulášovice střed z,50.962409,14.357484
565721,Líšný z,50.646929,15.211898
565739,AHr Líšný-Závrší,50.647082,15.221922
565762,Zalešany z,50.035032,15.008444
565796,Vilémov u Šluknova z,50.992148,14.321208
565804,Semonice z,50.331524,15.877317
565820,Železný Brod,50.639863,15.266377
565861,Plaňany,50.04942,15.016091
565879,"vl. v km 7,900",50.048881,15.020854
565895,Velký Šenov,50.993241,14.380076
565903,Semily,50.603475,15.324
565960,Žabonosy z,50.03963,15.024223
565994,Lipová u Šluknova z,50.994645,14.358186
566000,Nedvězí z,50.584184,15.352068
566067,Plaňany zastávka z,50.045583,15.023964
566091,Velký Šenov zast. z,51.004735,14.393962
566109,Košťálov,50.568826,15.403652
566166,Vrbčany z,50.054714,15.00033
566182,ZV III Šluknov,51.007656,14.453132
566190,Šluknov,51.006396,14.461762
566208,Libštát z,50.556341,15.417314
566265,Chroustov z,50.064892,14.997336
566299,Šluknov údolí z,50.990284,14.475118
566307,Bělá u Staré Paky z,50.532672,15.442429
566398,Šluknov zastávka z,51.006761,14.435525
566406,Stará Paka,50.516389,15.485626
566414,hr.VUSC 0510/0520 05,50.523553,15.445438
566448,RDP Stará Paka,50.515938,15.486651
566497,Valdek z,50.981276,14.507079
566505,Levínská Olešnice z,50.524324,15.530575
566596,Krásná Lípa,50.919065,14.512179
566604,Bělá u St.P. zast. z,50.533574,15.445497
566695,Krásná Lípa město z,50.906951,14.512128
566703,Nová Paka,50.486622,15.523079
566794,Zahrady u Rumburka z,50.934006,14.482142
566802,Nová Paka město z,50.494223,15.512801
566869,"vl. v km 13,524",50.919483,14.604136
566893,Varnsdorf,50.903242,14.638131
566901,Horka u Staré Paky,50.526604,15.570461
566919,"Km 75,400",50.516606,15.588922
566927,hr.VUSC 0510/0520 06,50.523066,15.510709
566935,hr.VUSC 0510/0520 07,50.518091,15.584955
566992,Dolní Podluží nz,50.886388,14.620617
567008,Borovnice z,50.50924,15.604561
567099,Varnsdorf st.n. z,50.909469,14.612628
567107,Mostek,50.491214,15.692228
567115,"Km 73,600",50.508342,15.608775
567198,Rybniště,50.88305,14.509817
567206,Borovnička z,50.500112,15.658332
567297,Horní Podluží z,50.88294,14.556317
567305,Bílá Třemešná,50.451924,15.732989
567396,Jiřetín pod Jedl. z,50.883137,14.580333
567404,Dvůr Králové n.Labem,50.413715,15.798267
567412,"Vlečka km 3,130",50.425255,15.806227
567495,Chřibská,50.868036,14.523023
567503,Žireč z,50.403292,15.848134
567586,hr.VUSC 0420/0510 03,50.838391,14.567491
567594,Jedlová,50.842872,14.570408
567602,AHr Kuks z,50.39594,15.884385
567693,Nová Huť v Luž.h.z,50.830723,14.585863
567701,Jaroměř,50.341939,15.910729
567719,"vl. v km 4,390",50.360722,15.966528
567792,Svor,50.790537,14.592491
567800,Jaroměř zastávka z,50.357097,15.911326
567891,Nový Bor,50.760651,14.547312
567909,AHr Rychnovek z Lo,50.360734,15.969131
567982,"km 47,300",50.693999,14.531255
567990,AHr Skalice u Č.L. z,50.74159,14.521573
568006,Smiřice,50.299842,15.857818
568014,"vl. v km 34,646",50.31099,15.868693
568097,Česká Lípa hl.n.,50.675362,14.533183
568105,Černožice z,50.315458,15.869564
568196,Č.Lípa m.,50.679146,14.539631
568204,Smiřice zastávka z,50.293902,15.847132
568295,Česká Lípa střelnice,50.691677,14.533177
568303,Sendražice z,50.296066,15.815482
568311,Havranec z,50.301564,15.808552
568394,Jestřebí,50.614152,14.600278
568402,Račice nad Trot. z,50.312304,15.791961
568493,Srní u České Lípy,50.636967,14.58445
568501,Hořiněves z,50.312707,15.753991
568592,Doksy,50.573629,14.646916
568600,Předměřice nad Labem,50.252293,15.817882
568691,Staré Splavy z,50.586928,14.629617
568709,Lochenice z,50.272472,15.82456
568790,Okna,50.527239,14.674445
568808,Opatovice-Pohřebačka,50.165648,15.789064
568816,hr.VUSC 0520/0530 04,50.168229,15.79038
568824,hr.VUSC 0520/0530 05,50.16824,15.790316
568881,RDP Česká Lípa,50.675362,14.533068
568899,Bezděz,50.516075,14.729458
568907,Stéblová,50.104485,15.757673
568915,hr.VUSC 0200/0510 01,50.517429,14.725826
568931,Stéblová obec z,50.093267,15.752563
568980,Bělá pod Bezdězem,50.488327,14.835899
568998,"vl. v km 6,714",50.500505,14.870752
569004,Čeperka z,50.13118,15.769842
569087,Bělá p.Bezd. město z,50.493332,14.787216
569103,Roztoky u Jilemnice,50.554513,15.489874
569111,hr.VUSC 0510/0520 03,50.524211,15.455651
569129,Roztoky u J. zast. z,50.565666,15.496968
569186,Bělá p.Bezd. zast. z,50.500163,14.868563
569202,Tample z,50.546441,15.465189
569285,Malá Bělá z,50.48699,14.922795
569301,Martinice v Krk.,50.580688,15.541174
569319,"Km 90,500",50.583563,15.559455
569327,"Km 87,500",50.581606,15.520651
569335,hr.VUSC 0510/0520 08,50.597263,15.583128
569400,Kunčice nad Labem,50.583923,15.622722
569509,Horní Branná z,50.596659,15.587231
569608,Klášterská Lhota z,50.558537,15.660851
569707,Hostinné,50.536761,15.737754
569715,Hostinné město z,50.539264,15.719937
569806,Prosečné z,50.547266,15.696853
569905,Chotěvice z,50.518789,15.759617
569996,Lovosice závod z,50.510568,14.081237
570002,Pilníkov,50.533985,15.812591
570093,Žalhostice,50.524886,14.096545
570101,Vlčice z,50.546554,15.833672
570168,Praha-Braník,50.027873,14.406891
570176,"hr.tř.skl.km 48,720",50.541732,14.193925
570184,"hr.tř.skl.km 51,800",50.551246,14.222471
570192,Litoměřice horní n.,50.541013,14.131518
570200,Trutnov hl.n.,50.565221,15.910913
570259,Bubeneč výh.č. 10-13,50.114114,14.392857
570267,Výh Praha-Bubeneč,50.107343,14.404806
570275,Praha-Podbaba z,50.112348,14.395509
570291,Ploskovice z,50.549849,14.205892
570309,Trutnov-Poříčí,50.579131,15.958652
570366,Praha-Bubny,50.100627,14.439944
570374,Praha-Výstaviště,50.103368,14.429811
570390,Liběšice,50.572075,14.284996
570408,Trutnov střed,50.577315,15.943485
570416,Vlečka EPO,50.561604,15.96856
570424,hi Trutnov střed,50.578577,15.947511
570465,P.Holešovice zast. z,50.105792,14.437814
570499,Horní Řepčice z,50.557382,14.265514
570507,Trutnov zast. z,50.577894,15.960782
570564,AHr Prokopské údolí,50.041467,14.372613
570598,Úštěk,50.585506,14.335061
570606,Lhota u Trutnova z,50.586634,15.986424
570663,Praha-Dejvice,50.096874,14.399503
570697,Dubičná z,50.609941,14.359517
570705,Petříkovice z,50.601731,16.003271
570721,"Pha hl.n. Lc201,202",50.075817,14.433132
570739,Pha hl.n. Lc105-102,50.076302,14.433862
570747,"Pha hl.n. Lc101,102",50.076476,14.433636
570754,"Pha hl.n.L601b,L602b",50.092023,14.464201
570762,Praha hl.n.,50.08309,14.435978
570770,PRAHA DB-BUS,50.081881,14.432992
570796,hr.VUSC 0420/0510 01,50.611563,14.38008
570804,Bohuslavice n.Úpou z,50.551031,15.978841
570861,Praha-Hlubočepy z,50.040556,14.394124
570895,Blíževedly,50.613445,14.395511
570903,Libeč z,50.596303,15.946211
570960,Praha-Hostivař,50.054929,14.538044
570994,Kravaře v Čechách z,50.628966,14.404494
571000,Trutnov-Volanov z,50.561013,15.887661
571018,"km 0,100 +0,033",50.087467,14.238157
571026,"km 26,100 +0,020",50.100518,14.201411
571034,"km 11,000 +0,010",50.08385,14.309044
571059,"km 12,200 +0,030",50.081859,14.292404
571067,Praha-Waltrovka,50.055128,14.377841
571075,Praha-Jinonice z,50.055686,14.371734
571091,Zahrádky u Č. Lípy z,50.637264,14.50616
571109,Rokytnice n. Jizerou,50.712169,15.422842
571166,Praha-Cibulka z,50.064596,14.361948
571174,"km 2,200 -0,029",49.607151,15.608116
571182,"km 9,700 +0,004",49.664821,15.629181
571190,Stvolínky z,50.629737,14.437606
571208,Jablonec n. Jizerou,50.700406,15.435207
571257,"km 35,076 -0,025",50.527844,16.054913
571265,"km 2,500 -0,025",50.77552,14.210634
571299,Zákupy,50.681474,14.635816
571307,Jablonec n.J.-Hr. z,50.680654,15.451289
571315,"km 13,112=13,200",50.081324,14.279745
571323,"km 8,568=8,595",50.090335,14.337821
571331,"km 95,815=96,261",49.51323,14.66647
571372,"km 250,400 -0,022",49.750775,15.393546
571398,Zákupy-Božíkov z,50.678707,14.649919
571406,Poniklá zastávka z,50.666746,15.451043
571414,"km 440,400=440,412",50.264083,14.302788
571422,"km 30,500 +0,042",50.587196,13.787105
571463,Praha-Stodůlky,50.062201,14.346126
571497,"km 97,900 -0,016",50.367218,13.800728
571505,Poniklá,50.648641,15.456994
571521,"km 298,600 -0,078",50.026653,15.212294
571562,Praha-Krč,50.034178,14.446818
571596,Vlčí Důl-Dobranov z,50.671312,14.607563
571604,Jilemnice,50.604405,15.513784
571646,"vl. v km 1,921",50.647895,14.728926
571653,"vl. v km 1,707",50.64926,14.727306
571661,"vl. v km 1,120",50.652812,14.72196
571679,Mimoň staré nádr. n,50.652577,14.73816
571687,"Km 99,460",50.656575,14.700391
571695,Mimoň,50.658006,14.714586
571703,Horní Sytová z,50.632334,15.461867
571760,Praha-Libeň,50.100637,14.502328
571794,Pertoltice p. Ral. z,50.677641,14.718119
571802,Víchová n. Jizerou z,50.627176,15.484002
571810,"km 0,100 +0,027",50.669327,15.965964
571828,"km 257,828=257,851",49.972857,16.360001
571836,"km 19,200 -0,017",50.412498,14.937367
571844,hi Královec,50.670326,15.967144
571851,"km 408,900 -0,038",50.531191,14.123376
571869,"km 247,900 -0,032",49.729958,15.398473
571877,"km 249,900 -0,030",49.927172,16.426471
571893,Velký Grunov z,50.698594,14.728418
571901,Hrabačov,50.623228,15.501229
571943,"km 238,200 -0,006",49.662733,15.437624
571968,Praha-Malešice,50.080818,14.515089
571984,Vl. Diamo-Luhov,50.704458,14.769293
571992,Brniště,50.716821,14.728601
572008,Vrchlabí,50.618454,15.623198
572057,hr.VUSC 0100/0200 11,50.081689,14.282597
572065,Praha-Ruzyně,50.083944,14.310291
572073,"vl. v km 12,940",50.081639,14.282068
572099,Jablonné v Podješt.,50.769426,14.758138
572107,Podhůří z,50.600306,15.62429
572164,hr.VUSC 0100/0200 10,50.081654,14.282177
572198,Trnovany u Litom. z,50.543413,14.176344
572206,Svoboda nad Úpou nz,50.622219,15.819925
572263,Praha-Smíchov,50.061112,14.408044
572271,Pr.-Smíchov již.zhl.,50.052731,14.408646
572289,Pr.-Smíchov sev.zhl.,50.066494,14.410579
572297,Velký Valtinov z,50.742695,14.733406
572305,Mladé Buky z,50.607112,15.840664
572362,Praha M.n.-dvorana,50.087651,14.434708
572370,Praha M.n.-viadukt,50.091264,14.442272
572388,Pha.M.n. kol.101-103,50.088601,14.444449
572396,Praha M.n. odst.kol.,50.088351,14.439242
572404,Kalná Voda nz,50.600383,15.872654
572503,Trutnov-Staré m. z,50.590376,15.881841
572537,"km 3,000 = 3,004",49.586753,15.567307
572545,"km 23,595=23,600",49.532957,15.366143
572560,Praha-Holešovice,50.110636,14.439706
572602,Žacléř,50.665329,15.911736
572610,Praha-Eden,50.065652,14.472449
572628,"km 0,860=0,900",50.060762,14.457581
572669,Praha-Veleslavín,50.095031,14.346276
572701,Lampertice,50.6736,15.929752
572768,Praha-Vršovice,50.06486,14.447018
572784,Praha-Vršovice depo,50.058161,14.458723
572792,Praha-Zahradní Město,50.062262,14.503308
572800,Královec,50.672989,15.970383
572818,"Km 62,000",50.685548,15.984006
572859,P.-Vršovice v.n.St.1,50.061558,14.508644
572867,P.-Vršovice v.n.St.2,50.059442,14.485155
572875,Praha-Kačerov,50.042254,14.463045
572909,Trutnov-Zel. Louka z,50.581174,15.887861
572966,Praha-Strašnice,50.06478,14.489039
573006,Bernartice u Trut. z,50.647019,15.958538
573063,P.-Strašnice zast. z,50.067589,14.490683
573105,Křenov z,50.638229,15.935787
573162,Praha-Vysočany,50.112291,14.497261
573170,"AHr Km 9,932",50.11029,14.543312
573188,AHr Hloubětín,50.110182,14.543402
573196,Litoměřice Cihelna z,50.537019,14.118162
573204,Radvanice,50.575407,16.059757
573212,AHr Klíčov,50.111479,14.524661
573220,AHr Lehovec,50.106969,14.557187
573261,Praha-Žižkov n,50.085545,14.481503
573295,Litoměřice nem.,50.539237,14.140801
573303,Chvaleč,50.599363,16.037956
573360,Praha-Čakovice,50.14891,14.519434
573378,hr.VUSC 0100/0200 02,50.177379,14.526992
573386,P-Čakovice sev.nást.,50.149261,14.519732
573394,P-Čakovice zám.park,50.15541,14.520765
573402,Janovice u Trutnova,50.587128,16.084677
573469,P.-Horní Měcholupy z,50.047964,14.56564
573501,Adršpach,50.615378,16.125143
573568,Praha-Kbely z,50.134939,14.555868
573600,Hodkovice u Trut. z,50.604733,16.071966
573667,Praha-Kyje z,50.097165,14.544349
573709,Horní Adršpach z,50.623168,16.083186
573766,Praha-Modřany,49.997216,14.404327
573808,Teplice n.M.skály z,50.597017,16.14974
573865,Praha-Modřany zast.,50.003912,14.403007
573907,Teplice n.M.město,50.592176,16.172643
573964,P.-Velká Chuchle z,50.009507,14.388932
574103,Malé Svatoňovice,50.529582,16.050818
574202,Suchovršice z,50.532426,16.005859
574236,AHr Vchynice,50.500349,14.037888
574301,Velké Svatoňovice z,50.539687,16.021479
574400,Rtyně v Podkrk. z,50.51537,16.073754
574509,Červený Kostelec,50.483866,16.075426
574517,"Km 30,000",50.494126,16.091142
574608,Rtyně v Podk.zast. z,50.499687,16.090733
574707,Olešnice z,50.457139,16.084475
574806,Starkoč,50.411204,16.10011
574905,Řešetova Lhota z,50.430591,16.102773
575001,Česká Skalice,50.395604,16.054053
575019,"vl. v km 10,370",50.382461,16.039715
575100,Velká Jesenice z,50.375263,16.028693
575225,Hrádek nad Nisou,50.855294,14.84715
575290,AHr Stránov,50.363747,14.859609
575423,Chotyně z,50.837498,14.872035
575522,Chrastava,50.812876,14.952641
575621,Bílý Kostel n.N. z,50.821152,14.918578
575720,Chrastava-Anděl.H. z,50.79676,14.957783
575829,Machnín hrad z,50.787633,14.972175
575928,Machnín z,50.787389,14.98441
576009,Pardubice-Semtín z,50.061961,15.748267
578823,"Km 23,642",50.186292,15.770649
580001,Čáslav místní nádr.,49.915371,15.396227
580019,Č.Třebová odj.sk.,49.896813,16.446158
580027,Č.Třebová vjezd.sk.,49.874195,16.471601
580035,Děčín hl.n.nákl.n.,50.762894,14.196574
580043,Děčín hl.n. záp.n.,50.766426,14.195661
580050,Hněvice seř.n.,50.461708,14.354716
580068,Chomutov seř.n.,50.455838,13.399367
580076,Kolín seř.n.,50.019109,15.224233
580084,Liberec ÚTD,50.747925,15.051082
580092,Lovosice jih,50.506147,14.076548
580100,Odb Plačice,50.187425,15.7743
580118,Nymburk vjezd.n.,50.192443,15.055655
580134,Odb Zádulka,49.856261,16.475487
580142,P.-Vršovice ček.kol.,50.062401,14.496716
580159,P.-Vršovice odj.n.,50.065601,14.467409
580167,Pha-Vršovice seř.n.,50.065037,14.481071
580175,Ústí n.L. z. seř.n.,50.654295,14.025053
580183,Ústí n.L.z.vjezd.n.,50.653387,14.013729
580191,Ústí n.L.z.vnější n.,50.65628,14.019102
580209,Ledečko St. 1,49.845359,14.947715
580217,Most nové n. odjezd,50.534659,13.630406
580225,Most nové n. St. 7,50.55106,13.615796
580233,Odb Les,49.865446,16.476842
580241,"vl.v km 114,486",49.611434,15.617083
580258,"Km 25,000",50.564449,13.777053
580266,"Km 20,700",50.168062,15.430835
580274,"Km 68,720",50.479534,15.526822
580282,"Km 175,600",50.86231,15.101933
580290,"Km 123,400",50.564719,15.897559
580308,Odb Obora,50.272614,15.179978
580316,Turnov kolej č. 23,50.586629,15.138708
580324,Vlečka Papírny,50.498232,14.879394
580332,Odb Parník,49.921071,16.431828
580340,Vlečka EMě,50.411281,14.418009
580365,Prům. zóna TPCA,50.06854,15.215496
580373,Vlečka PS,50.360129,15.961584
580381,Vl. Armabeton,50.403249,13.286559
580415,Vlečka Lovochemie,50.511669,14.069352
580423,Odbočná výhybka U1,50.504712,14.097117
580431,Odb Babín,50.174951,15.08508
580449,ELNA Opatovice,50.125797,15.789956
580456,Vlečka OPAS,50.081852,14.295305
580464,Výtopna Novosedlice,50.668566,13.822162
580472,Nádraží Washington,50.505531,13.571312
580480,Vlečka Běstovice,50.015061,16.216125
580506,Odb Zálučí,50.484577,14.950166
580514,Vlečka Ferona,50.741082,15.059033
580530,Velký Osek-Kanín,50.11559,15.211364
580563,Kaučuk-zákl. závod,50.247998,14.330958
580571,Děčín hl.n. jih,50.759069,14.194411
580589,"vl. v km 29,785",50.759678,15.312426
580597,Zubrnice,50.646974,14.217421
580605,Kopidlno kol. 1b,50.332438,15.248117
580613,Havl.Brod Tunel stan,49.599131,15.606137
580639,AHr Raná,49.789008,15.956912
580662,P.Běchovice-Blatov,50.084429,14.629429
580696,UNIPETROL-DOPRAVA,50.568622,13.608693
580704,Račice n.Tr.nákl. n,50.307571,15.797911
580720,"vl. v km 6,435",50.306923,15.799235
580738,Výh Cejřov,49.844786,15.950398
580753,"vl. v km 12,693",51.005737,14.420142
580761,Stoklasná Lhota,49.452001,14.687299
580787,"vl. v km 7,998",50.267985,14.239596
580795,Kamenolom,50.581897,14.041539
580803,"vl.v km 3,044",49.982055,16.185979
580811,"vl. v km 6,760",49.963945,16.144039
580829,"vl. v km 26,404",50.374578,13.277739
580837,Nymburk předjízd.n.,50.189026,15.06337
580845,Nymburk st. 3,50.194513,15.040558
580852,Chomutov St.2,50.453286,13.388952
580860,Odb Kubešův Mlýn,49.611529,15.610975
580878,Turnov výh. č. 1,50.586524,15.145638
580886,Turnov stavědlo 4,50.588834,15.133652
580894,Doly Bílina-UUL,50.584703,13.76647
580902,Prachovice ÚS,49.900005,15.64982
580910,MB hl.n. kol.č. 5c,50.409072,14.895044
580928,Kol.č.92-nová spojka,50.098687,15.203779
580936,Kol.č.93-st. spojka,50.109252,15.198381
580944,Straškov St. I,50.359913,14.258249
580951,P.-Holeš.-Stromovka,50.11026,14.424452
580993,Ústí záp. výh.č.852,50.657882,13.984366
581017,"vl.v km 2,385",49.984911,16.193942
581025,Prachovice výh. 101,49.902174,15.649745
581033,"Ústí záp.kol.č.51,52",50.651722,13.987565
581041,Neratovice kol. č.6a,50.262048,14.522624
581058,Vlečka STV Group,50.928769,15.197364
581066,Nymburk seř.n.,50.190064,15.071286
581074,"vl. v km 19,416",50.340225,13.337302
581090,Ústí n.L.hl.n.jih,50.644778,14.043549
581116,Praha-Vršovice vj.n.,50.062852,14.496602
581124,Ústí západ k.601-603,50.655534,14.006386
581132,V03244 Olšinky,50.66021,14.081279
581140,"Km 56,200",50.405893,16.125236
581165,Tužinka,49.793948,14.698303
581173,Praha-Smíchov spol.n,50.06326,14.406635
581181,Vl. FEREX-Castings,50.762679,15.023048
581207,Vlečka TONASO,50.672067,14.108693
581215,V04440 kolejiště,49.894837,15.635166
581223,AGRO Č. Skalice,50.376734,16.030151
581231,Výh Bartoušov,50.359274,15.324466
581264,Bedrč,49.811318,14.706867
581280,"vl. v km 16,574",50.658378,13.835421
581298,Žatec-Velichov,50.347525,13.549918
581371,"vl. v km 16,484",50.036132,14.235786
581397,Spořice,50.434138,13.386748
581413,"vl.v km 20,143",50.408534,14.949026
581421,"vl. v km 21,195",50.406096,14.963221
581439,"vl. v km 20,560",50.407103,14.954634
581462,Svojšovice,49.960872,14.65356
581496,Odb Dubina,50.445719,13.362666
581538,Čížkovice výh.č.1,50.48962,14.035182
581561,Říčany les,49.991956,14.673902
581579,"Km 79,920",50.525793,15.534694
581587,Ústí n.L.západ St.1,50.657754,14.033051
581595,Odb Bažantnice,50.363288,13.704078
581603,Ústí nad Lab.z.St.5,50.651522,13.997137
581637,Čížkovická cement.,50.48584,14.044193
581645,Odb Lučební,50.034932,15.187018
581652,Hostavice,50.090238,14.561828
581660,Odb Kyje,50.095247,14.548068
581678,Hloubětín,50.097422,14.533531
581686,Pyšely,49.86344,14.704588
581694,Odb Vrbka,50.370803,13.696891
581769,Praha-Kolovr.r.,50.019599,14.613357
581793,Stránce,50.46814,13.686021
581801,Oseva Vysoké Mýto,49.960131,16.149359
581868,Odb Záběhlice,50.061665,14.514226
581876,Výh Prokopské údolí,50.040271,14.385268
581892,Odb České Zlatníky,50.518918,13.701306
581900,hi České Zlatníky,50.521947,13.707285
581918,Vl. KERAMOST Obrnice,50.523136,13.708817
581967,AHr Železný most,50.065743,14.474868
582064,Odb Jeneček,50.087252,14.239512
582072,Odb Jeneček výh.č.6,50.092251,14.230763
582080,Odb Jeneček výh.č.5,50.084588,14.230656
582098,Odb Dolní Rybník,50.479358,13.440398
582114,"vl. v km 17,920",50.943796,15.193574
582163,"vl. v km 181,142",50.066254,14.470522
582189,Výh Rašovice,50.13339,16.12544
582197,Chomutov město z,50.469803,13.413699
582213,AHr Branický pivovar,50.031021,14.415643
582312,AHr Michle,50.051649,14.466051
582338,Vl. Commexim Group,50.500216,14.040932
582361,Odb Tunel,50.025232,14.390741
582395,Výh Žizníkov,50.664668,14.588202
582460,Odb Barrandov,50.039292,14.404815
582569,Hr Závodiště,50.003581,14.384287
582577,Odb Závodiště,50.015579,14.3889
582593,Dolina,50.738001,14.279026
582668,Hr Kosoř,49.968404,14.329612
582692,AHr Soutěska,50.74732,14.261245
582767,Hr Kazín,49.951534,14.329123
582866,Hr Horní Mokropsy,49.935798,14.318019
582890,Varnsd.st.n.st.hr.,50.921149,14.604024
582916,Prachovice kolej 1,49.893949,15.633684
582965,Hr Korno,49.931404,14.133832
583062,Hr Tetín,49.951182,14.112258
583070,Leština z,50.658797,14.197592
583088,M.Březno n.L.zast. z,50.669556,14.172746
583104,"Oldřichov kol.1b,2b",50.630231,13.745256
583161,Odb Skochovice z,49.920996,14.377726
583187,Odb Hloubětín,50.110289,14.542081
583211,Praha M.n.-Sluncová,50.091699,14.460163
583229,Odb Balabenka,50.101847,14.480344
583237,P.hl.n.-Vítkov v.301,50.093168,14.469236
583260,Výh Skály,50.111812,14.568364
583294,vl. SŽDC Bohosudov,50.666297,13.92244
583302,vl. SŽDC ULZ prům.k.,50.657735,14.00259
583369,P.-Libeň-obv.Vítkov,50.094183,14.472563
583468,P.-Holeš.-Rokytka,50.109431,14.478179
583492,Výh Ledvice,50.593469,13.780369
583500,"vl. v km 16,765",49.714999,14.839188
583518,"vl. v km 16,426",49.715003,14.834454
583567,Rokytka vhb.č.1,50.101794,14.480306
583666,Výh Praha-Vyšehrad,50.067528,14.419941
583674,"Km 76,130",50.221522,13.618683
583765,Praha jih,50.051407,14.467388
583773,Praha-Michle auto.,50.052957,14.469673
583781,V01435 PHAjih odjezd,50.055382,14.477907
583799,V01435 PHAjih vjezd,50.054466,14.461339
583864,Praha-Holeš.Strom.,50.110261,14.424526
583963,Praha M.n.-Hrabovka,50.08963,14.449321
584060,Praha Mas.n.výh.č. 4,50.090375,14.441037
584235,AHr Hlavačov náv. Lo,50.115803,13.736784
584243,AHr Hlavačov náv. So,50.122531,13.736261
584268,AHr Merkovka,50.141029,13.801986
584342,Kolín-Hradišťko,50.058179,15.203626
584359,"Hradišťko k.č116,118",50.062689,15.20616
584466,Hl Strojírna,50.225215,14.118436
584516,Výh Bezděčín,50.380189,14.901856
584854,P.-Uhříněves METRANS,50.045231,14.569142
584862,Pha-Smích.sev.nást.,50.06215,14.406751
584870,Pha-Smích.Na Knížecí,50.067847,14.405346
584888,Praha-Zlíchov z,50.043126,14.40614
586891,Děčín východ dol.n.,50.775748,14.223894
587329,AHr Nouzov,50.139657,14.551444
587618,"vl. v km 1,091",50.147299,14.759274
588111,AHr Branka,50.409768,16.140063
588129,AHr Malé Poříčí,50.444197,16.192688
588202,Odb ELNA Opatovice,50.153831,15.78247
588210,"vl. v km 10,370",50.292673,15.843094
588228,"vl. v km 10,658",50.293802,15.846781
588236,Vl. RSM Smiřice,50.293249,15.844792
588418,Odb Černý Most,50.113,14.58155
590018,JLV Praha,50.070737,14.449841
591016,O16-UMIKA Praha,50.081241,14.434117
591149,ČD centrum Lysá n.L.,50.195991,14.840204
591206,ČD centr. Hr.Králové,50.215813,15.810911
591768,ČD centr.Praha-Libeň,50.100482,14.508184
591792,ČD centr.Ústí n.L.hl,50.66129,14.046928
592063,Praha Letiště,50.075995,14.405083
592121,ČD centrum Liberec,50.761692,15.046762
592568,ČEDOK Praha,50.09098,14.428409
592667,ČD travel Praha Cel,50.090941,14.419889
593533,ČD centrum Lanškroun,49.911685,16.601085
593962,ČD centr.Kralupy n.V,50.237352,14.315076
593996,ČD centrum Most,50.512372,13.653124
594002,ČD travel H. Králové,50.216114,15.81223
594143,ČD centrum Kolín,50.024871,15.213462
595066,ČD travel Kralupy nV,50.243233,14.317923
595165,ČD centrum Kladno,50.128385,14.114509
595264,Wasteels cesty Praha,50.083737,14.431888
596130,ČD centrum Pardubice,50.032936,15.756783
596593,ČD centrum Děčín hl.,50.773838,14.201018
597161,Intercontact Praha,50.087866,14.419126
597237,ČD Muzeum Lužná,0,0
597260,Praha hl.n (O16),50.082528,14.430711
597369,ČD travel Pha-Holeš,50.109312,14.43944
597468,HOGG ROBINSON s.r.o.,50.084203,14.421069
598094,ČD centrum Č.Lípa,50.685457,14.532984
598136,ČD centrum Choceň,49.993654,16.223904
598532,MAKS Říčany,49.997178,14.664256
598631,ČD centrum Ústí n.O.,49.975263,16.396318
599134,ČD centrum Č.Třebová,49.897464,16.446928
599977,ČD Revizor,50.091908,14.433222
599985,FanShop ČD,50.091908,14.433222
599993,platforma Bileto,0,0
700005,"hi vl. v km 72,408",49.793932,12.643342
700013,"hi vl. v km 71,958",49.793052,12.648625
700021,hi Temelín,49.197628,14.351572
700039,"hi vl. v km 3,153",50.24759,12.770706
700047,"hi vl. v km 3,942",49.717056,13.638365
700054,Aš st.hr.,50.212486,12.173541
700062,"hi vl. v km 9,347",49.684207,13.662244
700070,hi Sokolov Kraslice,50.184896,12.635432
700088,hi JH-Skrýchov JHMD,49.164567,15.02228
700096,hi JH-Kanclov JHMD,49.16177,15.029033
700104,hi Kájov,48.813326,14.268394
700112,hi Nebanice,50.116937,12.477837
700153,Potůčky st.hr.,50.43236,12.734534
700252,Vojtanov st.hr.,50.213666,12.327234
700260,Vojtanov 2 st.hr.,50.171874,12.323968
700278,Plesná 3 st.hr.,50.196212,12.334388
700286,Plesná 2 st.hr.,50.217617,12.334724
700294,Plesná 1 st.hr.,50.217526,12.332105
700351,Cheb st.hr.,50.086975,12.253711
700450,Ž.Ruda-Alžbět.st.hr.,49.121647,13.209548
702225,H.Dvořiště st.hr.,48.593071,14.43371
705350,Kraslice st.hr.,50.354144,12.46737
706325,Č.Velenice st.hr.,48.764446,14.968325
708057,Č.Kubice st.hr.,49.332912,12.879467
708156,Rozvadov státní hr.,49.642472,12.522039
711150,Plasy zast. ČSAD,49.933964,13.383751
712554,Kralovice-Bukovina,49.992062,13.486772
712562,Kralovice-Mar.Týnec,49.989984,13.481997
712653,Kralovice-Trojany,49.982381,13.427044
712752,Kralovice-Řemešín,49.988923,13.49072
713354,H.Slavkov-st m.,50.133123,12.807205
713362,H.Slavkov (z.ČSAD),50.161728,12.786635
714048,Černá v P.žst,48.742549,14.086695
714105,"Vimperk, sídliště",49.059472,13.776949
714113,"Č.Budějovice,nádraží",48.974197,14.488046
714121,Dubné,48.976911,14.359621
714139,Jankov Holašovice,48.970856,14.272869
714147,"Holubov, žel.st.",48.892796,14.324989
714154,Svatý Tomáš,48.640248,14.104297
714162,"Kaplice, aut.nádr.",48.737323,14.494246
714170,"Nové Údolí, žel.st.",48.829782,13.794332
714188,"Lenora, žel.st.",48.928159,13.796627
714246,Krasetín lanovka,48.878851,14.300826
714253,Frýdava,48.657568,14.159493
714261,"Kaplice, Jihostroj",48.748748,14.48502
714279,"Haidmühle, Scherz",48.8292,13.793826
714287,"Lenora, Zátoň",48.944354,13.798931
714345,Kobylnice,48.635394,14.203501
714352,Přední Výtoň,48.630936,14.170362
714360,"Kaplice, žel.st.",48.774858,14.468446
714378,Dreisessel/Třístol.,48.781171,13.80414
714386,"HorníVltavice,žel.st",48.962332,13.775041
714394,"Horní Vltavice,Polka",48.94699,13.715085
714444,"Frymburk, U Lískovců",48.655772,14.170665
714451,"Lipno nad Vlt, žst",48.631947,14.242254
714469,"Český Krumlov, Špič.",48.815168,14.31592
714477,"Č. Krumlov, Sv. Troj",48.820345,14.325813
714485,"Borová Lada,Zahrád.",48.97219,13.676078
714543,Frymburk,48.66433,14.168756
714550,Lipno n.Vlt. příst,48.638003,14.226666
714568,"Český Krumlov, žst.",48.822133,14.31711
714584,Borová Lada,48.99011,13.65954
714634,"Frymburk, rozcestí",48.680527,14.161528
714642,"Frymburk, tábor",48.670552,14.164498
714659,Lipno n.Vlt. lanovka,48.643391,14.219823
714667,"Lipno n.V.,nástup.ČD",48.633915,14.243262
714683,Františkov,49.003216,13.619233
714717,"Vyšší Brod, žel.st.",48.62357,14.308289
714725,"Vyšší Brod, náměstí",48.619715,14.311179
714733,"Vyšší Brod, Studánky",48.590627,14.326128
714741,Milná,48.694514,14.150551
714758,"Lipno n.V.,Slup.rozc",48.642249,14.214357
714774,"Strakonice, žel. st.",49.255565,13.916099
714782,Kvilda,49.018102,13.579462
714832,"Černá v P, Plánička",48.721552,14.131224
714840,Černá v Pošum. obec,48.738095,14.109119
714907,"Vimperk,aut.nádr.",49.055943,13.786847
714915,"Čkyně, aut.nádr.",49.114844,13.825515
714923,"Volyně, nám.",49.166216,13.885378
714949,Černá v P. Jest. roz,48.739021,14.103906
714956,"Černá v P, Windy Poi",48.73166,14.093795
714964,"Černá vP,D. Vltavice",48.697059,14.078319
714972,Kyselov,48.655189,14.26508
715052,Krásno,50.112418,12.833366
715250,Loket-Buková,50.190611,12.760418
718544,Kyselka,50.261909,12.99614
730051,Aš,50.208921,12.199237
730143,Dobrá Voda u Břez. z,49.556123,13.999295
730150,Aš město,50.218956,12.183389
730226,Mirovice,49.509911,14.034329
730259,Aš předměstí z,50.229408,12.174134
730325,Myslín z,49.528673,14.024873
730358,Štítary z,50.243204,12.15575
730424,Čimelice,49.47022,14.076705
730457,Podhradí z,50.252915,12.176224
730523,Smetanova Lhota z,49.445803,14.081789
730556,Studánka nz,50.277539,12.177058
730622,Dolní Ostrovec z,49.4139,14.113076
730648,Beroun výh.č.71-72,49.95698,14.075825
730655,Hranice v Čechách,50.302055,12.181984
730721,Vráž u Písku,49.391907,14.124607
730747,Beroun os.n.,49.957548,14.077926
730754,Beroun St.6,49.945881,14.0472
730762,"Beroun km 42,709",49.938932,14.031684
730820,Čížová,49.353584,14.097721
730846,Králův Dvůr z,49.942682,14.040029
730929,Písek zastávka z,49.312604,14.136039
730937,Popovice,49.92603,14.017923
730945,Král.Dvůr-Popovice z,49.928834,14.021056
730952,Vojtanov obec z,50.162311,12.313142
731026,Horní Nerestce z,49.497852,14.056699
731042,Zdice,49.907726,13.979407
731141,Stašov z,49.885903,13.959387
731224,Heřmaň z,49.244258,14.140063
731232,Praskolesy,49.877364,13.940892
731240,Praskolesy z,49.868674,13.929221
731349,Hořovice,49.843189,13.899049
731356,"vl. v km 60,423",49.830688,13.873795
731414,Hudčice z,49.527748,13.928796
731448,Cerhovice z,49.836331,13.837055
731455,Zbiroh nákl.n.,49.832392,13.785459
731513,Slavětín u Břez. z,49.523262,13.895188
731521,hr.VUSC 0200/0310 02,49.511365,13.895391
731539,"km 66,824=66,347",49.835164,13.803687
731547,hr.VUSC 0200/0320 01,49.835165,13.803688
731554,Odb Zbiroh,49.828147,13.781935
731604,Kařez z,49.822169,13.778899
731620,Bělčice,49.504098,13.886011
731653,Kařízek,49.800445,13.767762
731729,Závišín z,49.480573,13.870249
731752,Mýto z,49.783251,13.739594
731828,Bezdědovice z,49.445079,13.87571
731851,Holoubkov,49.774045,13.700015
731927,Mačkov z,49.401521,13.886039
731950,Svojkovice z,49.755061,13.655959
732024,Sedlice,49.384607,13.936516
732057,Rokycany,49.740121,13.592
732073,"vl.v km 0,900",49.731298,13.603604
732081,"vl.v km 1,160",49.729262,13.605241
732123,Sedlice město z,49.378223,13.944586
732156,Klabava z,49.749117,13.538209
732222,Rojice z,49.348339,13.950253
732255,Ejpovice,49.751621,13.511356
732321,Velká Turná z,49.336847,13.956808
732354,Dýšina-Horomyslice z,49.76802,13.504239
732420,Radomyšl,49.320238,13.948527
732453,Chrást u Plzně,49.785307,13.497645
732529,Radomyšl zastávka z,49.313406,13.932669
732552,Chrást u Plzně o. z,49.791502,13.491294
732628,Domanice z,49.300619,13.915618
732651,Plzeň-Doubravka z,49.758198,13.415713
732669,Plzeň-Bukovec,49.771352,13.44358
732727,Řepice z,49.278092,13.914017
732750,Plzeň hl.n.os.n.,49.743905,13.389312
732768,"Km 113,020",49.740619,13.343052
732776,CDP Plzeň,49.74149,13.375903
732818,Plzeň hl.n. Triangl,49.748279,13.399942
732826,Č.Budějovice os.n.,48.974436,14.488809
732834,Plzeň hl.n. býv.St.4,49.737183,13.404354
732842,"Km 96,330",49.740364,13.374949
732859,"vl. v km 94,389",49.724756,13.383288
732867,Malměřice z,50.113554,13.381422
732875,Vlečka Ferona,48.993726,14.473302
732883,Vl. Jihočeské pap.,48.961168,14.462302
732958,Rokycany-Borek z,49.748209,13.626851
732966,Ležky z,50.119171,13.353987
733022,Hluboká nad Vltavou,49.032362,14.420317
733063,Lubenec,50.126282,13.327884
733121,Zliv,49.065453,14.361653
733139,AHr Bezdrev,49.056887,14.389062
733162,Lubenec zastávka z,50.129446,13.307237
733220,AHr Zbudov z,49.089523,14.326938
733253,hr.VUSC 0410/0420 02,50.127345,13.251878
733261,Libkovice z,50.130579,13.269928
733329,Dívčice,49.106223,14.301213
733352,Chyše,50.111087,13.247787
733428,AHr Záblatíčko z,49.124884,14.265511
733451,Protivec,50.089574,13.207112
733527,Číčenice,49.153552,14.221498
733535,AHr Podskalí,49.181819,14.223744
733550,Záhořice z,50.078399,13.193441
733626,Milenovice z,49.172608,14.220596
733659,Žlutice,50.084581,13.159498
733725,Protivín zastávka z,49.196424,14.222508
733758,Borek u Žlutic z,50.067564,13.132524
733824,Protivín,49.21253,14.211831
733857,Štědrá,50.049886,13.11954
733923,AHr Skály z,49.223807,14.164727
733956,Smilov z,50.049497,13.050382
734020,Heřmaň obec z,49.236372,14.136199
734053,Luhov z,50.034779,13.029249
734129,Ražice,49.244658,14.10832
734152,Toužim,50.050562,12.991191
734228,Sudoměř u Písku z,49.24939,14.056893
734251,Poseč z,50.035381,12.933015
734327,Čejetice,49.251564,14.015706
734350,Otročín nz,50.039191,12.886802
734426,Modlešovice z,49.256458,13.976461
734459,Dalovice,50.254637,12.886626
734525,Č.Buděj.sev.zast. z,48.994284,14.479518
734558,Sadov,50.267919,12.890878
734624,Hrdějovice z,49.019591,14.482326
734657,Sadov-Podlesí z,50.275665,12.880694
734723,AHr Hosín z,49.034585,14.466844
734756,Velký Rybník z,50.29299,12.877201
734822,Hluboká n.Vlt.-Zám.,49.050539,14.465287
734855,Hroznětín,50.306959,12.868615
734921,Chotýčany,49.078613,14.52931
734954,Hroznětín zastávka z,50.313043,12.861373
735027,Ševětín,49.097371,14.574492
735050,Merklín,50.326985,12.865136
735126,Neplachov z,49.125637,14.605374
735159,Domažlice,49.434976,12.943501
735175,Domažlice odb.v.401,49.416334,12.879374
735225,Dynín,49.1452,14.627316
735258,Domažlice město z,49.4359,12.925617
735324,Horusice z,49.167202,14.666073
735357,Havlovice,49.416568,12.874994
735423,Veselí n.Luž.zast. z,49.176994,14.695602
735456,Pila z,49.414597,12.858836
735522,Veselí nad Lužnicí,49.193238,14.716672
735555,Trhanov nz,49.420106,12.839544
735621,Řípec-Dráchov z,49.22429,14.724096
735639,Řípec z,49.206855,14.732178
735654,Klenčí pod Čerchovem,49.438893,12.822551
735720,Soběslav,49.25474,14.725818
735753,Postřekov z,49.458942,12.81478
735829,Roudná,49.297084,14.715148
735852,Nový Kramolín z,49.477447,12.812637
735928,Doubí u Tábora z,49.321664,14.719939
735951,Hazlov,50.162062,12.27986
735969,Vlkanov z,49.48651,12.814552
736025,Planá nad Lužnicí,49.353947,14.706261
736058,Horažďovice,49.320937,13.709912
736124,Sezimovo Ústí z,49.379567,14.697317
736132,Tábor-Čápův Dvůr z,49.393025,14.693038
736157,Velké Hydčice,49.298411,13.663471
736223,Tábor,49.414605,14.676457
736256,Žichovice,49.26776,13.617689
736322,České Velenice,48.769495,14.957207
736348,Tábor-Měšice z,49.404521,14.703836
736355,Sušice,49.246768,13.54188
736421,Nová Ves nad Lužnicí,48.811891,14.922855
736454,Hrádek u Sušice,49.262046,13.490765
736520,Dvory nad Lužnicí z,48.855331,14.89715
736553,Mokrosuky z,49.27543,13.467035
736629,Hrdlořezy z,48.873141,14.879592
736652,Kolinec,49.295192,13.435925
736728,Suchdol n.Luž.zast z,48.89219,14.880303
736751,Malonice nz,49.299249,13.367261
736769,Myslkovice z,49.298637,14.734985
736827,Suchdol nad Lužnicí,48.902182,14.882861
736850,Nemilkov,49.284851,13.343957
736926,Majdalena,48.950586,14.868149
736959,Běšiny,49.304485,13.303661
736967,Běšiny Eurocamp z,49.293943,13.31863
737023,Třeboň lázně z,49.007301,14.777784
737056,Neznašovy z,49.325612,13.299607
737122,Třeboň,49.015286,14.760737
737155,Vrhaveč z,49.349258,13.299776
737221,Lužnice z,49.053674,14.750079
737254,Luby u Klatov z,49.36444,13.30566
737320,Lomnice nad Lužnicí,49.091196,14.730274
737353,Klatovy město z,49.386075,13.295036
737429,Frahelž z,49.118571,14.736542
737452,Klatovy,49.401471,13.27416
737460,"Km 50,810",49.409561,13.290116
737528,Vlkov nad Lužnicí z,49.148054,14.72841
737551,AHr Bezděkov u Kl. z,49.380566,13.236566
737627,Vodňany,49.145139,14.180098
737650,Janovice nad Úhlavou,49.352642,13.203806
737726,Pražák z,49.147413,14.140607
737759,Dubová Lhota z,49.335409,13.177612
737825,Svinětice z,49.137978,14.103786
737858,Úborsko z,49.327623,13.157825
737924,Bavorov,49.12641,14.083973
737957,Pocinovice,49.346316,13.13562
738021,Blanice z,49.096422,14.076092
738054,Loučim z,49.365795,13.115495
738120,Strunkovice n.Blan.,49.081185,14.061268
738153,Dobříkov na Šumavě z,49.371855,13.088242
738229,Husinec,49.049901,14.026353
738252,Chodská Lhota z,49.36506,13.067537
738328,Prachatice,49.015101,14.008707
738351,Kdyně,49.383661,13.032418
738427,Prachatice lázně,49.006011,13.997631
738450,Kout na Šumavě nz,49.397106,13.012074
738526,Rohanov z,48.978043,14.038542
738559,Spáňov z,49.415887,12.986132
738625,Chroboly,48.956319,14.055105
738658,Horažďovice předm.,49.331401,13.739068
738666,hr.VUSC 0310/0320 02,49.323586,13.754401
738724,Ovesné u Prachatic z,48.940472,14.054201
738757,Velký Bor z,49.345757,13.701549
738823,Skříněřov z,48.947085,14.018109
738856,Jetenovice z,49.36987,13.665862
738922,Zbytiny,48.93713,13.976944
738955,Pačejov,49.390907,13.620806
738963,Kovčín z,49.413532,13.613302
739029,Spálenec z,48.92619,13.969521
739052,AHr Nekvasovy z,49.438262,13.610542
739128,Volary,48.9071,13.883316
739151,Mileč z,49.461512,13.607713
739227,Dobrá na Šumavě z,48.877587,13.861451
739250,Nepomuk,49.497553,13.608809
739326,Černý Kříž,48.86069,13.861132
739359,Srby z,49.525133,13.591669
739425,Stožec nz,48.859002,13.820792
739458,Ždírec u Plzně,49.550902,13.573819
739524,Nové Údolí,48.829371,13.7939
739557,Blovice,49.581767,13.531299
739623,Majdalena zastávka z,48.964832,14.857664
739656,Zdemyslice z,49.605729,13.517346
739755,Šťáhlavy z,49.668786,13.50423
739854,Starý Plzenec,49.695352,13.477604
739920,Záboří u Číčenic,49.160499,14.273972
739953,Plzeň-Koterov,49.722821,13.419122
739961,Plzeň-Slovany z,49.73484,13.407641
739979,"Km 342,300",49.705349,13.441202
740027,Újezdec u Číčenic z,49.150689,14.243449
740050,Františkovy Lázně,50.124417,12.355149
740100,Frant.L.-Aquaforum z,50.117054,12.359017
740126,Chvalešovice z,49.164492,14.29274
740159,Žírovice-Seníky z,50.148127,12.335458
740225,Lhota pod Horami z,49.183383,14.310982
740258,Vojtanov,50.16735,12.327775
740324,Temelín,49.195609,14.346411
740332,Odb výh.č.201,49.190823,14.365984
740357,Plesná z,50.211177,12.344705
740423,Bohunice z,49.213176,14.392551
740522,Týn nad Vltavou,49.223057,14.408464
740555,Chodov,50.231498,12.753416
740563,Chodov zhlaví,50.230005,12.763765
740571,Chodov-úvrať km 0.4,50.232311,12.747688
740589,"vl. v km 3,153",50.247276,12.770769
740597,Vlečka Fortit,50.249966,12.769765
740621,Malovičky,49.099492,14.224629
740639,Vl.S.P.D. Mírová,50.239109,12.766317
740647,"vl.v km 2,010",50.237866,12.759153
740654,Mírová z,50.239541,12.763938
740720,Libějovice z,49.105283,14.232564
740753,Božičany z,50.256069,12.775149
740761,"vl. v km 4,287",50.256663,12.775299
740829,Malovice u Netolic z,49.091944,14.218288
740852,Nová Role,50.273307,12.779952
740928,Holečkov z,49.078695,14.210197
740951,Dolní Stupno z,49.816951,13.575085
741025,Netolice,49.054076,14.190081
741058,Chrást u Plz zast. z,49.800038,13.496894
741124,Vyšné z,48.796346,14.86638
741157,Sedlecko z,49.806355,13.527553
741223,Nové Hrady,48.822788,14.809579
741256,Všenice z,49.816038,13.564175
741322,Petříkov z,48.845634,14.755991
741355,Stupno,49.826136,13.577014
741363,Výh. km 0. 650,49.836882,13.584582
741371,Vlečka Jodasta,49.837668,13.583363
741421,Jílovice,48.8771,14.705291
741454,Bezděkov u Radnic z,49.827658,13.595405
741520,Hluboká u Borovan z,48.895988,14.675449
741553,Radnice,49.858041,13.596655
741629,Borovany,48.891334,14.642616
741652,Stará Role,50.24582,12.835587
741728,Trocnov z,48.902652,14.587412
741751,Střapole z,49.806303,13.543406
741827,N.Ves u Č.Budějovic,48.921128,14.529094
741850,Nová Role zastávka z,50.291302,12.755888
741926,Nové Hodějovice z,48.952215,14.498557
741959,Nejdek-Suchá z,50.310922,12.750133
742023,Hříběcí z,49.320961,15.309307
742056,Nejdek,50.319127,12.727218
742122,Nová Buková z,49.341435,15.286603
742155,Nejdek zastávka z,50.329086,12.722238
742221,Dobrá Voda u Pelhř.,49.356609,15.274498
742239,"Km 6,450",49.341436,15.286603
742247,"km 22,200",50.340303,12.719467
742254,Vysoká Pec z,50.341525,12.712497
742320,Zajíčkov z,49.379867,15.259382
742338,Dýšina z,49.778962,13.503068
742353,Nové Hamry,50.357093,12.719419
742429,Rynárec z,49.394574,15.231614
742452,Nejdek-Tisová z,50.341491,12.729538
742528,Pelhřimov,49.419759,15.222502
742536,"vl. v km 16,436",49.405982,15.228113
742551,Nejdek-Sejfy z,50.349389,12.751258
742627,Vlásenice z,49.415627,15.158621
742650,Nejdek-Oldřichov z,50.348173,12.769724
742726,Nová Cerekev,49.42571,15.118042
742759,Pernink,50.365906,12.773119
742825,Leskovice z,49.429688,15.079326
742858,Horní Blatná nz,50.388074,12.766542
742924,Pacov,49.459897,15.01728
742957,Potůčky zastávka z,50.419113,12.734255
743021,Šimpach z,49.438008,14.974946
743054,Potůčky,50.430499,12.738234
743112,hr.VUSC 0310/0630 02,49.427266,14.900601
743120,Pořín z,49.421644,14.866522
743153,Krásný Jez,50.115888,12.848078
743161,Krásný Jez zast. z,50.12424,12.849071
743229,Chýnov,49.415568,14.810689
743252,H.Slavkov-Kounice,50.136664,12.814755
743328,Dobronice u Chýn. z,49.420126,14.769798
743351,Horní Slavkov,50.137549,12.803879
743369,"vl. v km 5,572",50.137913,12.821586
743427,Smyslov z,49.418481,14.739942
743450,H.Slavkov zast. z,50.158938,12.779539
743526,Radostice u Troc. z,48.900918,14.611861
743559,Údolí z,50.171902,12.772341
743625,Jindřichův Hradec,49.155159,15.004447
743633,J.Hradec výh.č.22,49.15636,15.011574
743658,Loket předměstí nz,50.185514,12.760696
743724,Jindřiš,49.146277,15.058958
743732,Jindřiš zast. z,49.14592,15.066946
743757,Loučky z,50.20376,12.751816
743823,Blažejov,49.139906,15.092184
743856,Smědčice,49.803754,13.512988
743922,Malý Ratmírov z,49.138181,15.113032
743955,Nové Sedlo u Lokte,50.213624,12.745706
743963,"Km 200,700",50.195733,12.732756
744029,Střížovice,49.134117,15.134883
744052,Mariánské Lázně,49.957138,12.693645
744128,Kunžak-Lomy,49.111541,15.16274
744151,Mar.Lázně město z,49.958906,12.70426
744227,Kaproun,49.093143,15.162192
744250,Vlkovice nz,49.946754,12.742655
744326,Senotín,49.065768,15.157531
744359,Milhostov u Mar.L. z,49.960409,12.761584
744425,Hůrky,49.045454,15.15818
744458,Ovesné Kladruby,49.956644,12.784849
744524,Albeř,49.033425,15.140942
744557,Mrázov z,49.963836,12.832579
744623,Nová Bystřice,49.019549,15.110984
744656,Teplá,49.975562,12.860061
744722,Horní Skrýchov,49.170725,15.031642
744755,Hoštěc z,49.993032,12.844931
744821,Dolní Radouň z,49.18395,15.031038
744854,Poutnov,50.018276,12.821991
744920,Lovětín,49.201099,15.050657
744953,Louka u Mar.Lázní z,50.038557,12.827274
745026,Lovětín obec z,49.20996,15.058118
745059,Bečov nad Teplou,50.082952,12.830587
745125,Nekrasín z,49.221002,15.060086
745158,Vodná z,50.103042,12.845526
745224,Nová Včelnice,49.237442,15.066358
745257,Loket nz,50.189969,12.752432
745315,Dynín zastávka z,49.140836,14.622412
745323,Žďár u Kam.n.Lipou z,49.254526,15.070921
745356,Teplička u K.Varů n,50.152217,12.847021
745364,Teplička z,50.149171,12.852709
745422,Rodinov z,49.275722,15.080054
745455,Kfely z,50.16026,12.838834
745513,hr.VUSC 0310/0630 03,49.272973,15.080898
745521,Kamenice nad Lipou,49.295096,15.074336
745554,Cihelny z,50.179011,12.841526
745620,Včelnička,49.304089,15.043899
745653,K.Vary-Březová,50.201909,12.837576
745711,Karlovy Vary-Aréna z,50.222308,12.845088
745729,Benešov n.Lipou z,49.324005,15.018893
745752,Doubí u K. Varů z,50.211696,12.831907
745828,Chválkov,49.341699,14.984336
745851,Karlovy Vary dol.n.,50.230353,12.863662
745927,Dobešov z,49.358714,14.97078
745950,Nýřany,49.714929,13.209483
745968,Vlečka Dioss,49.707036,13.162374
746024,Černovice u Tábora,49.374006,14.965396
746032,Střítež u Černovic z,49.383258,14.946542
746057,Kamen.Újezd u Nýř. z,49.717132,13.192478
746123,Křeč,49.385589,14.941779
746156,Blatnice u Nýřan z,49.723058,13.159669
746222,Sudkův Důl z,49.413589,14.953156
746255,Rochlov z,49.724146,13.141532
746321,Obrataň,49.428911,14.953393
746339,Kasejovice zast. z,49.463492,13.709222
746354,Přehýšov z,49.723609,13.125522
746420,Netolice zastávka z,49.065,14.216088
746438,Třebčice z,49.481799,13.614441
746453,Heřmanova Huť,49.710581,13.087765
746529,Obrataň zast. z,49.424455,14.948472
746537,Želvice z,49.469043,13.630526
746552,Plzeň-Jižní Předm. z,49.74005,13.367848
746560,Plzeň-Z. Skvrňany z,49.747431,13.326516
746628,Písek jih z,49.302147,14.151728
746636,Kotouň z,49.462926,13.666009
746651,Plzeň-Skvrňany z,49.741563,13.346048
746735,Životice z,49.463416,13.691396
746750,Vejprnice,49.729989,13.28517
746834,Kasejovice,49.457008,13.744106
746859,Tlučná z,49.724567,13.243202
746925,Hradiště u Blatné z,49.449766,13.773228
746933,hr.VUSC 0310/0320 01,49.452745,13.764346
746958,Zbůch z,49.680999,13.214951
747022,Lnáře z,49.443718,13.790108
747055,Chotěšov u Stoda z,49.657132,13.198312
747121,Tchořovice z,49.438788,13.809939
747154,Stod,49.640039,13.155586
747220,Blatná,49.431,13.872683
747253,Hradec u Stoda z,49.636137,13.122595
747329,Jenín,48.629185,14.407969
747352,Holýšov,49.598186,13.101442
747428,Rožmberk nad Vltavou,48.626417,14.363206
747451,Dolní Kamenice z,49.580702,13.093264
747527,Herbertov z,48.619245,14.349518
747550,Osvračín z,49.517533,13.042794
747626,Těchoraz z,48.619415,14.321498
747659,Blížejov,49.501645,12.995173
747725,Vyšší Brod klášter,48.62346,14.309183
747758,Milavče z,49.46735,12.984472
747824,Čertova Stěna z,48.644226,14.286315
747857,Stříbro,49.740882,13.000429
747923,Loučovice,48.620677,14.256741
747956,Babylon z,49.39964,12.867915
748012,"vl. v km 20,731",48.625084,14.245536
748020,Loučovice zast. z,48.624697,14.245408
748053,Česká Kubice,49.374277,12.865068
748129,Lipno nad Vltavou,48.633829,14.243284
748152,Plzeň-Křimice,49.751594,13.303577
748228,Slavonice,48.993364,15.349708
748251,Vochov z,49.760163,13.275482
748327,Mutišov z,49.015428,15.378122
748350,Kozolupy,49.762294,13.244834
748426,Dolní Bolíkov z,49.034062,15.374752
748459,Břasy z,49.842602,13.587442
748525,Peč z,49.044756,15.398414
748558,Pňovany zastávka z,49.786049,13.129902
748624,Urbaneč z,49.053636,15.419182
748657,Sulislav z,49.762223,13.061984
748723,Dačice město z,49.078427,15.439662
748756,Vranov u Stříbra,49.76216,13.040958
748814,hr.VUSC 0310/0630 01,49.126429,15.451576
748822,Dačice,49.086376,15.439173
748830,"vl. v km 53,327",49.076352,15.437992
748921,Malý Pěčín z,49.107953,15.447583
748954,Milíkov,49.744188,12.938322
749002,Telč-Staré Město z,49.174441,15.462371
749028,Velký Pěčín z,49.120354,15.447558
749051,Svojšín,49.763187,12.910177
749101,Slaviboř z,49.131006,15.462289
749150,Ošelín,49.786117,12.845958
749200,Radkov z,49.146151,15.471849
749242,Tochovice zastávka z,49.598092,13.994465
749259,Pavlovice,49.821449,12.780403
749309,Telč,49.182598,15.464504
749358,Brod nad Tichou,49.828735,12.741512
749408,Mysliboř z,49.207632,15.486261
749457,Planá u Mar. Lázní,49.861933,12.730309
749507,Sedlejov,49.224565,15.496085
749531,Příbram sídliště z,49.673897,14.000956
749556,Chodová Planá,49.903534,12.723596
749564,hr.VUSC 0320/0410 01,49.92521,12.712938
749606,Hodice nz,49.271243,15.484116
749655,Valy u Mar. Lázní,49.976708,12.666542
749705,Třešť město z,49.287318,15.482018
749754,Lázně Kynžvart,49.993166,12.615073
749804,Třešť,49.298357,15.476514
749812,"vl.v km 6,730",49.304369,15.481259
749853,Dolní Žandov,50.01176,12.539812
749903,Jezdovice z,49.320879,15.48155
749952,Salajna z,50.026963,12.503651
750000,Salavice z,49.330462,15.48467
750059,Lipová u Chebu,50.030617,12.457748
750125,Radošovice z,49.232263,13.901922
750158,Stebnice z,50.049519,12.441363
750224,Přední Zborovice z,49.218278,13.894039
750257,Cheb-Všeboř z,50.050534,12.410247
750323,Strunkovice n.Vol.,49.203439,13.885809
750331,Strunkov. n.V.obec z,49.210048,13.887408
750356,Cheb,50.073658,12.380751
750364,Cheb-Skalka z,50.074244,12.347926
750372,Pomezí nad Ohří z,50.086079,12.272126
750422,Hoštice u Volyně z,49.187382,13.893156
750455,Plzeň-Bílá Hora z,49.768626,13.400151
750463,AHr Plz.-Bolevec z,49.786428,13.385418
750521,Volyně,49.170253,13.89292
750554,Plzeň-Orlík z,49.803765,13.396012
750620,Nišovice z,49.150342,13.90598
750653,Třemošná u Plzně,49.819082,13.395054
750729,Malenice n. Volyň. z,49.123783,13.88318
750752,Horní Bříza zast. z,49.838132,13.359339
750828,Lčovice z,49.108928,13.86558
750851,Horní Bříza,49.851261,13.37976
750927,Čkyně,49.111155,13.829106
750950,Obora u Kaznějova z,49.8719,13.402121
751024,Bohumil.v Č. zast. z,49.097644,13.814072
751057,Kaznějov,49.893757,13.374898
751123,Bohumilice v Čechách,49.092715,13.801226
751156,Plasy,49.930917,13.379559
751222,Vimperk,49.055544,13.790796
751255,Horní Hradiště z,49.947166,13.363258
751321,Vimperk zastávka z,49.048719,13.763906
751354,Mladotice zastávka z,49.972036,13.346318
751420,Lipka,49.020156,13.735621
751453,Mladotice,49.986843,13.364461
751529,Lenora zastávka z,48.923239,13.803304
751552,Potvorov z,50.024229,13.374921
751628,Kubova Huť,48.982983,13.774752
751651,Žihle,50.04658,13.362821
751727,Horní Vltavice z,48.962594,13.774618
751750,Pastuchovice z,50.071332,13.394718
751768,hr.VUSC 0320/0420 01,50.084418,13.402496
751826,Zátoň z,48.950722,13.802726
751867,Blatno u Jesenice,50.099822,13.390138
751925,Zátoň-Boubín z,48.95156,13.822485
751966,Stebno z,50.119964,13.413145
752022,Lenora,48.928387,13.796929
752063,Petrohrad,50.135319,13.434045
752121,Soumarský Most z,48.907979,13.829128
752162,Kryry,50.168797,13.422859
752220,Horní Dvořiště,48.602468,14.420923
752261,Vroutek,50.183774,13.374344
752329,Rybník,48.649456,14.431826
752360,Podbořany,50.223223,13.404081
752428,AHr Pšenice z,48.68112,14.444183
752469,Kaštice,50.261791,13.417957
752485,Kaštice kolej 3a,50.264832,13.419643
752527,Bujanov z,48.702183,14.432257
752568,Kněžice z,50.289588,13.426726
752626,Omlenice,48.725222,14.447555
752667,Čejkovice z,50.307574,13.425824
752675,Vl.Škoda JS Třemošná,49.802513,13.39984
752683,Vl. ČEPRO Třemošná,49.807884,13.398585
752725,Kaplice,48.775139,14.468693
752824,Výheň z,48.788615,14.472942
752923,Velešín,48.819997,14.436373
752956,Plzeň zastávka,49.736793,13.374871
753020,Velešín město z,48.836443,14.453205
753053,Plzeň-Doudlevce z,49.721732,13.383115
753129,Holkov,48.851566,14.447967
753152,Plzeň-Valcha,49.713098,13.336891
753160,"vl. v km 94,391",49.724756,13.383288
753228,AHr Chlumec u Č.B. z,48.870165,14.41958
753251,Dobřany,49.656503,13.303382
753269,"Km 78,100",49.617975,13.290394
753327,Kamenný Újezd u Č.B.,48.891169,14.448996
753350,Chlumčany u Dobřan,49.622922,13.292072
753426,K.Újezd u Č.B.zast z,48.909429,14.451162
753459,Přeštice-Zastávka z,49.600778,13.299091
753525,Včelná,48.924434,14.449564
753558,Přeštice,49.575183,13.322532
753624,Č.Buděj.již.zast. z,48.959304,14.475594
753657,Lužany z,49.54837,13.314575
753723,Horky u Tábora z,49.395431,14.642377
753756,AHr Borovy z,49.526758,13.299355
753822,Slapy,49.38461,14.62865
753855,Červené Poříčí z,49.495752,13.304902
753921,Libějice z,49.381622,14.619869
753954,Švihov u Klatov,49.473749,13.29077
754028,Malšice,49.360474,14.586046
754051,Dehtín z,49.450159,13.286662
754127,Čenkov u Malšic z,49.349098,14.579897
754150,AHr Točník nz,49.429435,13.309333
754226,Třebelice z,49.333547,14.572733
754259,Pňovany,49.788241,13.089508
754325,Všechlapy z,49.324635,14.56639
754358,Blahousty z,49.797699,13.073717
754424,Bechyňská Smoleč z,49.309938,14.553858
754457,Trpísty,49.815464,13.046976
754523,Sudoměřice u Bechyně,49.2956,14.541647
754556,Lomnička z,49.822072,13.016155
754622,Bežerovice z,49.292358,14.511148
754655,Cebiv nz,49.831289,12.981299
754721,Bechyně zastávka z,49.293316,14.482826
754754,Strahov z,49.851512,12.979079
754820,Bechyně,49.300467,14.477282
754853,Břetislav z,49.873108,12.967624
754929,Nasavrky z,49.450421,14.63948
754952,Kokašice nz,49.882437,12.964296
755025,Balkova Lhota,49.44595,14.598225
755058,Konst. Lázně z,49.884873,12.975679
755124,Meziříčí z,49.447827,14.580536
755157,Bezdružice,49.903175,12.969448
755223,Padařov z,49.44775,14.535074
755256,Poběžovice,49.513474,12.811605
755322,Božejovice,49.447655,14.494704
755355,Mutěnín nz,49.544936,12.773316
755421,Sepekov z,49.440669,14.420099
755454,Hostouň,49.560491,12.777961
755520,Milevsko,49.441497,14.377689
755553,Svržno z,49.574228,12.769683
755629,Líšnice z,49.421237,14.371216
755652,Újezd Sv. Kříže z,49.577949,12.749156
755728,Branice,49.402743,14.345372
755751,Bělá nad Radbuzou,49.588661,12.720743
755827,Stehlovice z,49.392813,14.324994
755850,Bělá n.Radb.zast. z,49.592114,12.708823
755926,Jetětice z,49.381988,14.290958
755959,Třemešné pod Přimdou,49.625481,12.701394
756023,Červená nad Vltavou,49.371933,14.273039
756056,Dubec z,49.629156,12.721954
756114,hr.DU 181114/181122,49.377305,14.24851
756122,Vlastec,49.369163,14.223254
756130,"Km 41,200",49.38041,14.259701
756155,Borek u Tachova z,49.635247,12.76874
756221,Záhoří,49.343202,14.203446
756254,Stráž u Tachova,49.665381,12.772708
756320,Vrcovice z,49.340224,14.170981
756353,Doly z,49.735379,12.739216
756429,Písek město,49.313743,14.161561
756452,Staré Sedliště,49.739748,12.701278
756528,Písek,49.296359,14.143109
756536,Písek-Dobešice z,49.327051,14.110459
756551,Pernolec z,49.770877,12.6795
756627,Putim,49.263541,14.131178
756650,Malý Rapotín z,49.787207,12.65802
756726,Doňov,49.208341,14.800513
756759,Tachov zastávka z,49.794033,12.642529
756825,Kardašova Řečice,49.184244,14.860055
756833,"vl. v km 71,958",49.792967,12.649025
756841,"vl. v km 72,408",49.793973,12.642981
756858,Tachov,49.802209,12.638859
756924,Mnich z,49.169293,14.883344
756957,Tachov-Bíletín z,49.806368,12.663891
757021,Děbolín z,49.16437,14.951539
757054,Lom u Tachova z,49.817496,12.685477
757120,Rodvínov z,49.168249,15.053086
757229,Jarošov nad Nežárkou,49.181713,15.078912
757328,Bednárec z,49.194314,15.09186
757351,Budov z,50.136042,13.144936
757427,Bednáreček z,49.208808,15.15016
757450,Vahaneč z,50.143608,13.132374
757526,Popelín,49.220314,15.178541
757625,Počátky-Žirovnice,49.236749,15.211551
757633,hr.VUSC 0310/0630 04,49.227987,15.203981
757658,Těšetice z,50.158892,13.086008
757724,Horní Vilímeč z,49.234367,15.259297
757757,Bochov,50.154801,13.045819
757807,Jihlávka,49.25226,15.294403
757922,Horní Ves z,49.29098,15.312436
758011,Horní Cerekev m. z,49.318619,15.333111
758029,Horní Cerekev,49.310955,15.324371
758037,"Km 6,299",49.3401,15.286244
758060,Kotvina z,50.366945,13.155859
758102,Švábov z,49.313968,15.35499
758169,Perštejn,50.367523,13.112959
758201,Batelov,49.317343,15.399123
758250,Boč z,50.359445,13.082908
758268,hr.VUSC 0410/0420 01,50.357484,13.093101
758300,Dolní Cerekev z,49.342882,15.461183
758359,Stráž nad Ohří,50.340515,13.059724
758409,Kostelec u Jihlavy,49.356774,15.480816
758417,Kost. u J. masna z,49.355103,15.488962
758458,Vojkovice nad Ohří,50.307396,13.016064
758508,Dvorce z,49.384338,15.498416
758557,Ostrov nad Ohří,50.301702,12.958051
758607,Rantířov,49.406743,15.513208
758615,"Km 87,300",49.413689,15.540002
758623,Horní Planá zast. z,48.752262,14.044
758631,AHr Ovčinec,49.412732,15.547856
758656,Hájek,50.280002,12.937851
758722,Pěkná z,48.84889,13.910123
758755,Karlovy Vary,50.235579,12.866672
758821,Ovesná z,48.806528,13.938944
758854,Odb K.Vary-Dvory nz,50.228762,12.831322
758920,Nová Pec,48.789906,13.953137
758953,Královské Poříčí z,50.1893,12.675224
759027,Pernek-Hory z,48.783549,13.986499
759050,Citice,50.164937,12.615625
759126,Horní Planá,48.764988,14.026345
759159,Hlavno z,50.153968,12.607669
759209,Spojovací kol.č.93,50.176438,12.619274
759225,Černá v Pošumaví,48.742829,14.086768
759258,Dasnice,50.139678,12.567224
759308,Šabina z,50.135859,12.577666
759324,Žlábek z,48.763852,14.100942
759357,Kynšperk nad Ohří,50.125989,12.519598
759423,Hodňov z,48.778905,14.104364
759456,Nebanice nz,50.117293,12.478195
759522,Polečnice nz,48.799453,14.120351
759555,Tršnice,50.114031,12.399724
759621,Polná na Šumavě,48.798617,14.147697
759647,Chlum u Rakovníka z,50.076189,13.777084
759720,Hořice na Šumavě,48.771457,14.183012
759746,Lašovice,50.065416,13.799887
759829,Mezipotočí z,48.788804,14.241159
759845,Pustověty z,50.055187,13.817374
759928,Kájov,48.812954,14.265166
759936,JIP-papírny Větřní,48.756801,14.315338
759944,Městečko u Křiv. z,50.050183,13.857326
760025,Český Krumlov,48.822373,14.317062
760041,Křivoklát z,50.038167,13.868817
760124,Přísečná z,48.828649,14.340755
760140,Roztoky u Křivoklátu,50.023664,13.87391
760223,Zlatá Koruna,48.850709,14.351897
760231,"vl. v km 23,862",48.838198,14.340547
760249,Újezd nad Zbečnem z,50.045562,13.892434
760322,Plešovice z,48.863993,14.350891
760348,Zbečno,50.035737,13.918242
760355,Plešnice z,49.777042,13.166527
760421,Třísov z,48.883344,14.348632
760447,Račice n.Berounkou z,50.024877,13.923096
760520,Holubov z,48.893177,14.32461
760546,Žloukovice z,50.016226,13.95559
760629,Křemže,48.904632,14.331082
760637,"vl. v km 19,665",48.868542,14.349952
760645,Nižbor,50.003274,13.998666
760652,Vl. Kámen a písek,48.866023,14.350931
760728,Vrábče z,48.917467,14.357388
760736,Hradce z,48.926591,14.365669
760744,Hýskov,49.988848,14.044698
760827,Černý Dub z,48.926574,14.405666
760843,Beroun-Závodí,49.966609,14.084305
760926,Boršov nad Vltavou,48.926756,14.443559
760942,Rakovník,50.098983,13.736503
760959,"vl. v km 1,436",50.10231,13.716878
761023,Strakonice,49.255041,13.915584
761031,"vl.v km 47,458",49.268693,13.922256
761049,Senomaty,50.095553,13.646679
761056,"vl. v km 46,916",49.272909,13.920292
761064,"vl. v km 2,037",50.103736,13.710265
761072,"vl.v km 1,755",50.102293,13.713342
761148,Šanov z,50.09191,13.629692
761221,Pracejovice z,49.258181,13.84909
761247,Pšovlky,50.104337,13.598088
761320,Katovice,49.269197,13.823606
761346,Švihov u Jesenice z,50.107251,13.567018
761429,Dolní Poříčí z,49.288107,13.800879
761445,Oráčov,50.107212,13.544556
761528,Střelské Hoštice,49.305123,13.779057
761544,Kosobody z,50.107339,13.518762
761643,Jesenice,50.093118,13.471791
761650,hr.VUSC 0200/0420 02,50.091277,13.408399
761742,Krty z,50.09032,13.434138
761841,Lubná nz,50.078552,13.696012
761940,Příčina z,50.071364,13.677848
762047,Zavidov z,50.05636,13.629239
762146,Všesulov z,50.041593,13.602534
762245,Čistá nz,50.033058,13.568941
762252,hr.VUSC 0200/0320 02,50.013524,13.523582
762344,Strachovice z,50.014371,13.527221
762450,Kožlany z,49.993662,13.51906
762542,Rakovník západ,50.101687,13.714037
762559,Kralovice u Rak. nz,49.988794,13.489667
762575,Mariánský Týnec,49.981768,13.459766
762658,Trojany nz,49.978473,13.429311
762757,Rokycany předměstí z,49.732486,13.603549
762856,Kamen.Újezd u Rok. z,49.72265,13.616869
762955,Nová Huť z,49.717141,13.637808
763052,Hrádek u Rokycan z,49.713689,13.653194
763151,Mirošov,49.700848,13.666557
763169,Železárny Hrádek,49.71534,13.654406
763250,Mirošov město,49.68975,13.662993
763300,ROSSO STEEL Mirošov,49.685445,13.667655
763359,Příkosice zastávka z,49.670446,13.665633
763458,Příkosice,49.663099,13.651672
763466,"km 12,987=13,329",49.661863,13.646985
763557,Mešno z,49.655183,13.623124
763656,Lipnice z,49.644749,13.610125
763755,Kornatice z,49.655228,13.588846
763854,Kornatice rybník z,49.664139,13.568746
763953,Šťáhlavice z,49.657658,13.537495
764050,Nezvěstice,49.642258,13.516472
764142,Zadní Poříčí z,49.585292,13.940233
764159,Blovice-Vlčice,49.565949,13.545977
764241,Oslí z,49.596758,13.926476
764340,Skuhrov p. Třemš. z,49.597574,13.904922
764449,Rožmitál p.Třemš. nz,49.602014,13.882192
764555,Sokolov,50.186046,12.64437
764563,"km 205,911=206,450",50.189265,12.667022
764654,Svatava,50.190176,12.624765
764753,Svatava zastávka z,50.1974,12.607226
764852,Luh nad Svatavou z,50.217863,12.587178
764951,Hřebeny,50.221807,12.580737
765057,Oloví,50.254417,12.558475
765156,Rotava,50.286798,12.535644
765255,Kraslice př. nz,50.31183,12.518723
765347,Kraslice-P.vlekem z,50.340188,12.49709
765354,Kraslice,50.33058,12.502741
765453,Lom u Stříbra z,49.748099,12.881328
765552,Holostřevy z,49.717984,12.8627
765651,Skviřín z,49.713171,12.813638
765750,Bor,49.717529,12.778526
765859,Staňkov,49.547234,13.070911
765875,Staňkov-Vránov,49.532274,13.051111
765958,Křenovy nz,49.535326,13.025093
766055,Semošice-Peřina z,49.530447,12.999978
766154,Semošice z,49.534226,12.983812
766253,Horšovský Týn,49.524363,12.93764
766352,Mašovice z,49.51836,12.897821
766451,Meclov nz,49.51012,12.875246
766550,Ohnišťovice z,49.513272,12.849956
766659,Zámělíč z,49.516222,12.832851
766758,Třebeň z,50.131634,12.404009
766857,Nový Drahov z,50.146856,12.399484
766956,Vonšov nz,50.155937,12.379731
767053,Skalná,50.166038,12.368772
767152,Velký Luh z,50.196488,12.372422
767251,Nový Kostel z,50.220061,12.420931
767350,Dolní Luby z,50.239236,12.412665
767459,Luby u Chebu,50.253386,12.400949
767541,Běleč z,49.909525,14.178408
767558,Bor zastávka z,49.688052,12.781237
767640,Liteň,49.903408,14.155308
767749,Skuhrov pod Brdy z,49.888576,14.147683
767848,Nesvačily z,49.875061,14.128869
767947,Všeradice,49.867516,14.107369
768044,Vižina z,49.85482,14.100244
768143,Osov z,49.837326,14.084255
768242,Hostomice pod Brdy,49.83141,14.047232
768341,Radouš z,49.838251,14.017509
768440,Neumětely nz,49.850044,14.011898
768549,Lochovice,49.846406,13.974275
768648,Libomyšl z,49.875547,13.991847
768747,Rejkovice z,49.809029,13.970544
768846,Jince,49.782231,13.987282
768945,Bratkovice,49.738552,14.003024
769042,Příbram,49.688932,14.003268
769059,Starec z,49.384234,13.010579
769067,"vl. v km 75,245",49.7021,13.998484
769075,Vlečka Tavírna,49.701873,13.982834
769141,Milín,49.632392,14.021981
769158,"Km 67,500",49.638822,14.014004
769240,Tochovice,49.588682,13.987669
769323,hr.VUSC 0200/0310 03,49.551138,14.009893
769349,Březnice,49.55835,13.964039
769356,Dobřany zastávka z,49.681638,13.324078
769448,Ostrov u Tochovic z,49.614955,14.008668
769455,Petrovice n. Úhl. z,49.320844,13.179431
769547,Příbram město,49.669172,14.000391
769554,Nýrsko,49.296961,13.153168
769653,Dešenice z,49.277372,13.175109
769752,Zelená Lhota,49.249219,13.178962
769851,Hamry-Hojsova Stráž,49.211326,13.175142
769950,Hoj.Stráž-Brčálník z,49.191416,13.222606
770057,Špičák,49.161629,13.222619
770123,Domoradice z,48.827909,14.335136
770156,Železná Ruda město z,49.143281,13.229376
770255,Žel.Ruda-Alžbětín,49.12192,13.210179
770354,Železná Ruda centr.z,49.136336,13.236904
770529,"Špičák náv. L1a,S",49.14241,13.229436
771220,"km 2,022 -0,022",48.778351,14.940994
771261,"km 453,400 +0,026",50.059859,12.383683
771287,"km 64,300 -0,017",49.415292,14.729732
771311,"km 166,100 +0,131",48.776909,14.933319
771550,"km 25,600 -0,044",49.416373,15.15014
771816,"km 413,500 +0,081",49.86887,12.726467
771873,"Km 108,047=114,100",49.738127,13.325565
772384,Ejpovice vj. n. CHS,49.775896,13.503734
772459,"Km 29,225",50.337728,12.738666
774026,"km 304,702=304,665",49.418711,13.609286
775247,Dynín výh.č. 1-4,49.139743,14.621184
779520,Nové Údolí předj.k.,48.831502,13.796078
779603,"Vl. Beroun KDT ""B""",49.942034,14.043753
779702,"Vl. Beroun KDT ""A""",49.943042,14.042348
779801,Vl.Beroun KDT v.č.Ž3,49.945254,14.045989
779900,Vl. Beroun VČS,49.911417,14.056403
780007,Beroun seř.n.,49.953692,14.06182
780015,Č.Budějovice seř.n.,48.967544,14.492224
780023,Odb Dobřejovice,49.059954,14.50588
780031,Plzeň hl.n.lobez.k.,49.741074,13.401774
780049,Plzeň hl.n.seř.n.,49.756997,13.402772
780056,Sokolov seř.n.,50.182346,12.630138
780064,Č.Budějovice-Rožnov,48.95197,14.472536
780072,Kájov hrotová úvrať,48.802964,14.284796
780080,Vlečka Nový závod,50.251396,12.760511
780098,Vl.Agrona,50.114973,12.474551
780106,Vl. Alfa Plastik,49.793451,12.646396
780114,"Vl.  Primagra, a.s.",49.426152,13.307136
780122,Výh Kamenný Malíkov,49.199239,15.116026
780155,"vl. v km 6,470",49.52795,13.925124
780163,Č.Buděj. býv. st.7,48.986432,14.483052
780171,ČB os.n. kol. 16-24,48.979705,14.48646
780189,Č.Budějovice Pst.1,48.960884,14.489763
780197,Č.Buděj. býv. st.4,48.977746,14.487042
780205,Č.Budějovice výh.91,48.959384,14.494572
780213,ČB os.n. výh.č.94-97,48.964153,14.493732
780221,Č.Buděj.severní k.,48.982072,14.485079
780247,"vl.v km 214,292",48.982285,14.485634
780254,AHr Bludov,48.628412,14.424839
780262,"Km 40,400",50.123636,13.249704
780270,Karlovy Vary-Sedlec,50.245045,12.852766
780296,"vl. v km 40,061",49.037793,13.726912
780304,"vl. v km 18,796",48.621731,14.260812
780312,"vl. v km 20,046",48.619646,14.245023
780320,Nemanice,49.010886,14.477179
780338,"vl. v km 9,347",49.684049,13.661872
780346,"vl. v km 20,600",50.323416,12.726072
780353,Nemanice I,49.009034,14.479586
780361,Nemanice I-buděj.zhl,49.004026,14.477667
780379,Nemanice I-praž.zhl.,49.01315,14.481064
780395,"Km 35,300",50.359063,12.778716
780429,Výh Spělov,49.337434,15.442558
780437,"vl. v km 2,396",49.722019,13.618276
780452,"vl. v km 8,168",50.172633,12.372903
780460,"vl. v km 2,638",49.831685,13.592281
780478,"vl. v km 17,530",49.302814,14.548841
780486,"vl. v km 15,928",49.136611,13.88928
780510,"Km 8,100",49.802268,13.394527
780528,Výh Velký Ratmírov,49.171487,14.922214
780544,"vl. v km 11,276",49.167509,13.893537
780569,AHr Netřebice,48.798098,14.459048
780585,Plzeň hl.n.ček.kol.,49.742442,13.400163
780593,Jindř.Hradec-Kanclov,49.161884,15.028663
780601,Jindř.Hradec-Skrých.,49.164617,15.021902
780619,"km 115,872=0,000",48.950672,14.472507
780627,"vl. v km 3,921",49.717125,13.637916
780635,Výh Nemanice,49.014034,14.468532
780643,"km 220,000 +0,900",49.018776,14.435313
780650,Výh Radonice,49.461246,12.988371
780668,"vl. v km 8,541",49.805319,13.398249
780692,"vl. v km 56,192",49.38845,13.290016
780726,Čekanice,49.43234,14.675072
780775,Odb Doubí u Tábora,49.329263,14.715115
780783,"vl. v km 64,171",49.415461,14.731489
780791,Slavonice st.hr.,48.979616,15.37043
780817,Tábor výh.č.501,49.432165,14.675763
780825,"Zv km 4,759",49.33078,15.292449
780833,Tábor odb.výh.č.35,49.427215,14.666412
780866,Plzeň hl.n.(ŠKODA),49.732766,13.322153
780874,Plzeň hl.n.N.Hospoda,49.738982,13.331425
781054,Výh Chotěšov,49.666044,13.203115
781120,Křtěnov (vl.),49.192872,14.377915
781153,Pasečnice,49.416335,12.878994
781252,Čenkov,49.762748,14.004879
781278,"Pomezí náv.Lo,So",50.086521,12.270924
781351,Trhové Dušníky,49.714283,14.010128
781427,Holičky,48.990006,14.836162
781559,Březnice odb.výh.101,49.575519,13.95222
781658,Rakovník-Rakona,50.101081,13.718976
781666,Vlečka Rakona,50.099437,13.725685
781682,Vlečka ZZN Rakovník,50.096412,13.720359
781708,"Km 52,900",49.073262,15.435074
782011,Portál Homolka,49.759569,13.491917
782029,Portál Chlum,49.763398,13.422488
783720,"vl. v km 2,703",49.148386,15.045368
787663,Janovice n.Ú.výh.č.8,49.347276,13.199498
788117,AHr Horažďov.Lhota,49.357547,13.681917
788455,Vl.Mattoni Kyselka,50.261592,12.997366
789008,"vl. v km 2,847",49.719715,13.623408
790154,ČD travel Plzeň hl.n,49.738647,13.381925
790220,ČD travel Č.Budějov.,48.96913,14.466596
790352,ČD centrum Cheb,50.074666,12.37928
792754,ČD centr.Plzeň hl.n.,49.743224,13.387987
792820,ČD centrum Č.Buděj.,48.970694,14.492385
793620,ČD centr.Jindř.Hrad.,49.154224,15.004769
796227,ČD centrum Tábor,49.413737,14.664576
799049,ČD centrum Příbram,49.687168,14.001097
799809,Gen. řed. ČD,50.093126,14.434457
799817,GŘ ČD poštou,50.093044,14.433642
799825,Weco Travel,50.091623,14.45567
799833,H-Team s. r. o.,50.013,14.411127
799874,ČD API,50.091908,14.433222
799882,Portál PARIS,0,0
799890,OLTAS,0,0
799908,OPT Olomouc,49.596168,17.274694
799916,GŘ ČD - obchod,50.091592,14.432791
799924,Praha M. n. výběrčí,50.087896,14.437098
799932,OIS Ostrava,49.851206,18.27042
799940,pokl. Helpdesk ISOP,50.082297,14.432419
799957,PoMk,49.693813,17.053887
799965,Call centrum Brno,49.191389,16.61126
799973,Cent.zák.servis,50.091908,14.433222
799981,ARES3,50.092048,14.433215
799999,eShop ČD,50.091908,14.433222
833012,Albrechtice u Č.T.,49.792761,18.524387
833046,Bludov,49.928012,16.939166
833095,Blansko,49.353212,16.646189
833186,Bojkovice,49.036112,17.795359
833236,Český Těšín,49.743197,18.62236
833251,Bransouze,49.305588,15.749497
833285,Dobrá u Frýd.-Míst.,49.670887,18.414222
833293,Brno hl.n.,49.189992,16.611046
833301,Brno-Horní Heršpice,49.167048,16.606879
833319,Brno-Královo Pole,49.231486,16.596195
833343,Brno-Maloměřice,49.21686,16.647632
833350,Frýdlant n.Ostravicí,49.589077,18.35432
833426,Břeclav,48.754384,16.893605
833434,Domašov nad Bystřicí,49.740176,17.444588
833459,Havířov,49.791557,18.411566
833541,Hanušovice,50.071686,16.929454
833632,Čejč,48.942174,16.958221
833988,Louky nad Olší,49.794666,18.587209
834127,Bohumín,49.90101,18.36015
834234,Opava západ,49.939412,17.887581
834259,Milotice nad Opavou,50.014217,17.557428
834358,N. Malín dřevosklad,49.948654,17.035449
834366,Olomouc hl.n.,49.591476,17.278943
834374,Ostrava hl.n.,49.85173,18.266873
834416,Ostrava-Kunčice,49.790262,18.291522
834515,Paskov,49.73545,18.30312
834523,Petrovice u Karviné,49.893975,18.550339
834549,Polom,49.574206,17.856505
834598,Kunovice,49.051887,17.470267
834606,Sedlnice,49.676187,18.089788
834663,Přerov,49.447115,17.445299
834697,Studénka,49.707484,18.06624
834788,Rožnov pod Radhoštěm,49.460536,18.134551
834929,Třinec,49.687307,18.661884
834978,Šumperk,49.96178,16.982494
835033,Vratimov,49.769941,18.303474
835041,Ostrava-Vítkovice,49.801574,18.262697
835140,Mutěnice,48.904626,17.040218
835280,Nezamyslice,49.335712,17.161526
835447,Vsetín,49.334866,17.994348
835702,Prostějov hl.n.,49.472043,17.129558
835959,Říkovice,49.378339,17.454024
836379,Tetčice-Bobrava,49.173708,16.402512
836700,Oslavice nz,49.338334,15.988861
836841,Vlkov u Tišnova,49.322888,16.213444
837054,Lípa nad Dřevnicí,49.216019,17.769606
838219,Odb Brno-Černovice,49.190182,16.642973
838318,Výh Polanka n.Odrou,49.787769,18.1943
853002,Praha-Běchovice,50.082234,14.598245
853150,Ústí nad Labem západ,50.658149,14.029697
853176,Ústí nad Labem hl.n.,50.65915,14.044078
853200,Ústí n.L.-Střekov,50.650008,14.0486
853218,Nymburk hl.n.,50.193374,15.045512
853275,Bohosudov,50.672359,13.878701
853283,Teplice v Čechách,50.646531,13.829342
853309,Oldřichov u Duchcova,50.639933,13.765102
853317,Velký Osek,50.101881,15.193464
853408,Třebušice,50.525304,13.585075
853416,Kolín,50.025832,15.212705
853481,Chomutov,50.456766,13.39954
853515,Přelouč,50.039534,15.57485
853606,Kladno-Ostrovec,50.147281,14.085537
853614,Pardubice hl.n.,50.031682,15.756512
853713,Meziměstí,50.62662,16.242064
853770,Žatec,50.336566,13.555266
853796,Kadaň,50.381939,13.277042
853846,Brandýs nad Orlicí,49.999581,16.285602
853853,Náchod,50.417513,16.172396
853861,Ústí nad Orlicí,49.971251,16.376854
853911,Česká Třebová,49.896831,16.447115
853960,Krasíkov,49.84945,16.693549
853986,Hoštejn,49.872911,16.77384
854018,Kutná Hora hl.n.,49.961484,15.301464
854042,Čáslav,49.915354,15.394614
854059,Straškov,50.361819,14.242274
854075,Čermná nad Orlicí,50.064807,16.135836
854083,Golčův Jeníkov,49.836626,15.468041
854109,Solnice,50.20326,16.254294
854208,Havlíčkův Brod,49.597924,15.588897
854216,Liberec,50.761359,15.046324
854257,Roudnice nad Labem,50.426449,14.265184
854281,Hněvice,50.453046,14.361433
854307,Turnov,50.587176,15.138454
854331,Svitavy,49.760076,16.479852
854406,Chvatěruby,50.23989,14.337682
854455,Mladá Boleslav hl.n.,50.407339,14.887204
854505,Obrnice,50.504453,13.700086
854554,Nymburk město,50.185168,15.03345
854612,Pardubice-Ros.n.Lab.,50.045656,15.742736
854620,Louny předměstí,50.343359,13.768109
854653,Chrudim,49.948182,15.786893
854687,Neratovice,50.262704,14.517573
854778,Čelákovice,50.158508,14.754718
854786,Světec,50.578973,13.797514
854851,Nučice,50.02403,14.224951
854919,Rudná u Prahy,50.039406,14.242631
854943,Rozsochatec,49.669505,15.632565
854950,Praha-Uhříněves,50.033436,14.59197
855049,Čerčany,49.850503,14.701622
855130,Olbramovice,49.667615,14.624432
855163,Ostašov nz,50.763309,15.01299
855247,Velké Hamry,50.711564,15.31378
855288,Vysoké Mýto,49.955167,16.14742
855353,Vlašim,49.700474,14.897585
855361,Červ. Újezd u Votic,49.555521,14.61526
855429,Čížkovice,50.483609,14.039438
855445,Libochovice,50.41047,14.054923
855650,Děčín hl.n.,50.773459,14.201096
855684,Děčín východ,50.774799,14.223825
855742,Choltice,49.987923,15.646496
855858,Lovosice,50.509683,14.059483
855916,Dolní Bousov,50.441562,15.132334
855999,Mladá Boleslav město,50.419219,14.915962
856005,Ledečko,49.847424,14.932976
856229,Luštěnice-Újezd,50.317566,14.946718
856294,Česká Kamenice,50.79583,14.414024
856302,Kopidlno,50.333966,15.260438
856351,St.Místo u Jičína nz,50.40607,15.353003
856435,Jiříkov,50.994143,14.580554
856450,Bečváry,49.955996,15.071101
856617,Šluknov,51.006396,14.461762
856682,Varnsdorf,50.903242,14.638131
856757,Jedlová,50.842872,14.570408
856807,Česká Lípa hl.n.,50.675362,14.533183
856872,Opatovice-Pohřebačka,50.165648,15.789064
856880,Bezděz,50.516075,14.729458
856898,Stéblová,50.104485,15.757673
857011,Trutnov hl.n.,50.565221,15.910913
857029,Výh Praha-Bubeneč,50.107343,14.404806
857037,Praha-Bubny,50.100627,14.439944
857045,Trutnov střed,50.577315,15.943485
857052,Výh Prokopské údolí,50.040271,14.385268
857078,Praha hl.n.,50.08309,14.435978
857102,Praha-Waltrovka,50.055128,14.377841
857151,Praha-Krč,50.034178,14.446818
857169,Mimoň,50.658006,14.714586
857177,Praha-Libeň,50.100637,14.502328
857201,Praha-Ruzyně,50.083944,14.310291
857227,Praha-Smíchov,50.061112,14.408044
857235,Praha Masarykovo n.,50.087651,14.434708
857250,Praha-Holešovice,50.110636,14.439706
857276,Praha-Vršovice,50.06486,14.447018
857284,Královec,50.672989,15.970383
857375,Praha-Modřany,49.997216,14.404327
858027,Most nové nádraží,50.534659,13.630406
858126,Výh Bartoušov,50.359274,15.324466
858183,Odb České Zlatníky,50.518918,13.701306
858209,Odb Jeneček,50.087252,14.239512
858324,Výh Skály,50.111812,14.568364
858829,Odb ELNA Opatovice,50.153831,15.78247
873075,Beroun,49.957548,14.077926
873133,Hořovice,49.843189,13.899049
873158,Odb Zbiroh,49.828147,13.781935
873208,Rokycany,49.740121,13.592
873224,Ejpovice,49.751621,13.511356
873273,Plzeň hl.n.,49.743905,13.389312
873281,České Budějovice,48.974436,14.488809
873513,Domažlice,49.434976,12.943501
873521,Dynín,49.1452,14.627316
873620,Tábor,49.414605,14.676457
873638,České Velenice,48.769495,14.957207
873745,Klatovy,49.401471,13.27416
873760,Janovice nad Úhlavou,49.352642,13.203806
873950,Nové Údolí,48.829371,13.7939
874024,Vojtanov,50.16735,12.327775
874032,Temelín,49.195609,14.346411
874057,Chodov,50.231498,12.753416
874255,Pelhřimov,49.419759,15.222502
874362,Jindřichův Hradec,49.155159,15.004447
874941,Planá u Mar. Lázní,49.861933,12.730309
875039,Cheb,50.073658,12.380751
875062,Třemošná u Plzně,49.819082,13.395054
875245,Kaštice,50.261791,13.417957
875336,Chlumčany u Dobřan,49.622922,13.292072
875872,Karlovy Vary,50.235579,12.866672
875948,Nebanice nz,50.117293,12.478195
875997,Kájov,48.812954,14.265166
876094,Rakovník,50.098983,13.736503
876318,Mirošov,49.700848,13.666557
876342,Příkosice,49.663099,13.651672
876458,Sokolov,50.186046,12.64437
876581,Staňkov,49.547234,13.070911
876904,Příbram,49.688932,14.003268
876920,Tochovice,49.588682,13.987669
876938,Březnice,49.55835,13.964039
877001,Špičák,49.161629,13.222619
877027,Žel.Ruda-Alžbětín,49.12192,13.210179
878066,Výh Nemanice,49.014034,14.468532
